,Cash,Portfolio Value,Units
0,0.0,1000.0,3.4796527306574805
1,0.0,999.9652034726935,3.4796527306574805
2,0.0,999.9652034726935,3.4796527306574805
3,0.0,1000.4210379804094,3.4796527306574805
4,0.0,1000.2992501348366,3.4796527306574805
5,0.0,1000.0487151382292,3.4796527306574805
6,0.0,1000.3549245785272,3.4796527306574805
7,0.0,1000.2261774274928,3.4796527306574805
8,0.0,1000.4384362440628,3.4796527306574805
9,0.0,1000.4523548549854,3.4796527306574805
10,0.0,1000.7550846425528,3.4796527306574805
11,0.0,1001.0647737355812,3.4796527306574805
12,0.0,1000.751604989822,3.4796527306574805
13,0.0,1000.79336082259,3.4796527306574805
14,0.0,1000.6541747133635,3.4796527306574805
15,0.0,1000.7655236007447,3.4796527306574805
16,0.0,1001.0752126937732,3.4796527306574805
17,0.0,1001.3187883849192,3.4796527306574805
18,0.0,1001.5345268542198,3.4796527306574805
19,0.0,1001.2944308158046,3.4796527306574805
20,0.0,1001.1413260956556,3.4796527306574805
21,0.0,1001.2039598448075,3.4796527306574805
22,0.0,1001.4823320632601,3.4796527306574805
23,0.0,1001.3675035231485,3.4796527306574805
24,0.0,1001.5240878960279,3.4796527306574805
25,0.0,1001.3292273431111,3.4796527306574805
26,0.0,1000.9464655427388,3.4796527306574805
27,0.0,1000.9012300572404,3.4796527306574805
28,0.0,1000.7620439480141,3.4796527306574805
29,0.0,1000.6228578387878,3.4796527306574805
30,0.0,1000.3897211058337,3.4796527306574805
31,0.0,999.7981801416219,3.4796527306574805
32,0.0,999.7007498651636,3.4796527306574805
33,0.0,999.8468952798511,3.4796527306574805
34,0.0,1000.2783722184525,3.4796527306574805
35,0.0,1000.549785131444,3.4796527306574805
36,0.0,1000.782921864398,3.4796527306574805
37,0.0,1000.7968404753207,3.4796527306574805
38,0.0,1000.8559945717417,3.4796527306574805
39,0.0,1001.026497555544,3.4796527306574805
40,0.0,1000.9638638063923,3.4796527306574805
41,0.0,1001.1448057483864,3.4796527306574805
42,0.0,1000.6437357551716,3.4796527306574805
43,0.0,1000.031316874576,3.4796527306574805
44,0.0,1000.2922908293752,3.4796527306574805
45,0.0,1000.5080292986761,3.4796527306574805
46,0.0,1000.5532647841748,3.4796527306574805
47,0.0,1000.1426657619569,3.4796527306574805
48,0.0,1000.8003201280512,3.4796527306574805
49,0.0,1000.6924508934009,3.4796527306574805
50,0.0,1000.9221079736242,3.4796527306574805
51,0.0,1000.6715729770168,3.4796527306574805
52,0.0,1000.5811020060199,3.4796527306574805
53,0.0,1000.751604989822,3.4796527306574805
54,0.0,1000.570663047828,3.4796527306574805
55,0.0,1000.772482906206,3.4796527306574805
56,0.0,1000.8281573498965,3.4796527306574805
57,0.0,1000.7585642952833,3.4796527306574805
58,0.0,1000.7342067261687,3.4796527306574805
59,0.0,1000.8873114463177,3.4796527306574805
60,0.0,1000.9116690154323,3.4796527306574805
61,0.0,1001.1274074847331,3.4796527306574805
62,0.0,1001.2735528994206,3.4796527306574805
63,0.0,1000.7028898515928,3.4796527306574805
64,0.0,1000.8559945717417,3.4796527306574805
65,0.0,1000.7411660316301,3.4796527306574805
66,0.0,1000.3514449257964,3.4796527306574805
67,0.0,1000.4349565913321,3.4796527306574805
68,0.0,1000.1357064564958,3.4796527306574805
69,0.0,1000.132226803765,3.4796527306574805
70,0.0,1000.5080292986761,3.4796527306574805
71,0.0,1000.6541747133635,3.4796527306574805
72,0.0,999.8851714598884,3.4796527306574805
73,0.0,999.8016597943524,3.4796527306574805
74,0.0,1000.0278372218452,3.4796527306574805
75,0.0,1000.100909929189,3.4796527306574805
76,0.0,1000.0278372218452,3.4796527306574805
77,0.0,1000.0069593054614,3.4796527306574805
78,0.0,999.7077091706248,3.4796527306574805
79,0.0,999.645075421473,3.4796527306574805
80,0.0,1000.0904709709971,3.4796527306574805
81,0.0,999.867773196235,3.4796527306574805
82,0.0,1000.0521947909598,3.4796527306574805
83,0.0,1000.1252674983036,3.4796527306574805
84,0.0,1000.2331367329541,3.4796527306574805
85,0.0,1000.1948605529168,3.4796527306574805
86,0.0,999.8712528489657,3.4796527306574805
87,0.0,999.9269272926564,3.4796527306574805
88,0.0,999.6868312542409,3.4796527306574805
89,0.0,999.7459853506621,3.4796527306574805
90,0.0,999.7981801416219,3.4796527306574805
91,0.0,999.8468952798511,3.4796527306574805
92,0.0,999.7494650033926,3.4796527306574805
93,0.0,999.481531743132,3.4796527306574805
94,0.0,999.502409659516,3.4796527306574805
95,0.0,999.4328166049028,3.4796527306574805
96,0.0,999.3562642448284,3.4796527306574805
97,0.0,999.5754823668598,3.4796527306574805
98,0.0,999.7529446561234,3.4796527306574805
99,0.0,999.9443255563096,3.4796527306574805
100,0.0,999.836456321659,3.4796527306574805
101,0.0,999.4884910485933,3.4796527306574805
102,0.0,999.4641334794787,3.4796527306574805
103,0.0,999.237956051986,3.4796527306574805
104,0.0,999.4780520904014,3.4796527306574805
105,0.0,999.645075421473,3.4796527306574805
106,0.0,999.78774118343,3.4796527306574805
107,0.0,999.6868312542409,3.4796527306574805
108,0.0,999.8120987525444,3.4796527306574805
109,0.0,999.7842615306992,3.4796527306574805
110,0.0,999.930406945387,3.4796527306574805
111,0.0,1000.100909929189,3.4796527306574805
112,0.0,1000.2609739547993,3.4796527306574805
113,0.0,1000.3096890930285,3.4796527306574805
114,0.0,1000.2888111766447,3.4796527306574805
115,0.0,1000.0,3.4796527306574805
116,0.0,1000.0661134018825,3.4796527306574805
117,0.0,1000.1705029838023,3.4796527306574805
118,0.0,1000.4488752022548,3.4796527306574805
119,0.0,1000.2853315239139,3.4796527306574805
120,0.0,1000.3410059676045,3.4796527306574805
121,0.0,1000.3027297875672,3.4796527306574805
122,0.0,999.0744123736453,3.4796527306574805
123,0.0,997.8530542651843,3.4796527306574805
124,0.0,998.660333698697,3.4796527306574805
125,0.0,997.6860309341129,3.4796527306574805
126,0.0,996.6734519894916,3.4796527306574805
127,0.0,996.8474346260246,3.4796527306574805
128,0.0,996.8822311533311,3.4796527306574805
129,0.0,996.4507542147294,3.4796527306574805
130,0.0,996.2976494945804,3.4796527306574805
131,0.0,995.3407449936497,3.4796527306574805
132,0.0,995.2885502026899,3.4796527306574805
133,0.0,995.5634427684117,3.4796527306574805
134,0.0,995.5808410320651,3.4796527306574805
135,0.0,996.0088383179359,3.4796527306574805
136,0.0,995.5738817266038,3.4796527306574805
137,0.0,994.75964298763,3.4796527306574805
138,0.0,994.8187970840509,3.4796527306574805
139,0.0,995.072811733389,3.4796527306574805
140,0.0,995.2293961062686,3.4796527306574805
141,0.0,995.4903700610679,3.4796527306574805
142,0.0,995.0136576369679,3.4796527306574805
143,0.0,995.4868904083371,3.4796527306574805
144,0.0,996.078431372549,3.4796527306574805
145,0.0,995.9462045687842,3.4796527306574805
146,0.0,995.9601231797067,3.4796527306574805
147,0.0,995.6817509612541,3.4796527306574805
148,0.0,995.6330358230249,3.4796527306574805
149,0.0,996.5447048384572,3.4796527306574805
150,0.0,996.9170276806376,3.4796527306574805
151,0.0,996.1723819962768,3.4796527306574805
152,0.0,995.6539137394087,3.4796527306574805
153,0.0,995.5390851992971,3.4796527306574805
154,0.0,995.4451345755692,3.4796527306574805
155,0.0,995.6434747812168,3.4796527306574805
156,0.0,995.7200271412912,3.4796527306574805
157,0.0,996.0923499834716,3.4796527306574805
158,0.0,995.8000591540964,3.4796527306574805
159,0.0,995.6747916557928,3.4796527306574805
160,0.0,995.0971693025036,3.4796527306574805
161,0.0,994.7770412512832,3.4796527306574805
162,0.0,993.9906397341546,3.4796527306574805
163,0.0,994.8048784731284,3.4796527306574805
164,0.0,995.6295561702943,3.4796527306574805
165,0.0,996.0749517198184,3.4796527306574805
166,0.0,995.6678323503314,3.4796527306574805
167,0.0,995.5008090192598,3.4796527306574805
168,0.0,995.0449745115438,3.4796527306574805
169,0.0,994.5821806983662,3.4796527306574805
170,0.0,994.5926196565582,3.4796527306574805
171,0.0,994.8187970840509,3.4796527306574805
172,0.0,995.0867303443117,3.4796527306574805
173,0.0,995.4868904083371,3.4796527306574805
174,0.0,995.7165474885606,3.4796527306574805
175,0.0,995.4346956173773,3.4796527306574805
176,0.0,995.5982392957184,3.4796527306574805
177,0.0,996.3568035910015,3.4796527306574805
178,0.0,996.0331958870505,3.4796527306574805
179,0.0,995.3998990900708,3.4796527306574805
180,0.0,995.104128607965,3.4796527306574805
181,0.0,988.0717504393061,3.4796527306574805
182,0.0,988.8337943873202,3.4796527306574805
183,0.0,988.7015675835551,3.4796527306574805
184,0.0,988.5589018215982,3.4796527306574805
185,0.0,988.7294048054003,3.4796527306574805
186,0.0,988.1343841884581,3.4796527306574805
187,0.0,987.1078866329141,3.4796527306574805
188,0.0,986.9199853854585,3.4796527306574805
189,0.0,985.8447726916854,3.4796527306574805
190,0.0,986.3806392122067,3.4796527306574805
191,0.0,986.4641508777424,3.4796527306574805
192,0.0,986.9930580928024,3.4796527306574805
193,0.0,987.260991353063,3.4796527306574805
194,0.0,987.5532821824382,3.4796527306574805
195,0.0,987.4001774622893,3.4796527306574805
196,0.0,988.774640290899,3.4796527306574805
197,0.0,989.5923586826035,3.4796527306574805
198,0.0,989.7489430554832,3.4796527306574805
199,0.0,988.5902186961741,3.4796527306574805
200,0.0,988.3953581432573,3.4796527306574805
201,0.0,987.462811211441,3.4796527306574805
202,0.0,987.0730901056075,3.4796527306574805
203,0.0,987.313186144023,3.4796527306574805
204,0.0,987.6159159315899,3.4796527306574805
205,0.0,987.6541921116273,3.4796527306574805
206,0.0,988.6841693199018,3.4796527306574805
207,0.0,989.3383440332655,3.4796527306574805
208,0.0,990.1247455503942,3.4796527306574805
209,0.0,990.3230857560417,3.4796527306574805
210,0.0,989.7385040972911,3.4796527306574805
211,0.0,989.4810097952226,3.4796527306574805
212,0.0,988.7711606381683,3.4796527306574805
213,0.0,989.0495328566209,3.4796527306574805
214,0.0,988.9729804965465,3.4796527306574805
215,0.0,988.9590618856238,3.4796527306574805
216,0.0,989.5680011134889,3.4796527306574805
217,0.0,989.456652226108,3.4796527306574805
218,0.0,990.2639316596203,3.4796527306574805
219,0.0,990.1630217304313,3.4796527306574805
220,0.0,990.3822398524627,3.4796527306574805
221,0.0,989.5018877116064,3.4796527306574805
222,0.0,989.6932686117926,3.4796527306574805
223,0.0,989.9055274283628,3.4796527306574805
224,0.0,990.4170363797692,3.4796527306574805
225,0.0,989.6375941681019,3.4796527306574805
226,0.0,989.9298849974772,3.4796527306574805
227,0.0,989.7906988882509,3.4796527306574805
228,0.0,989.6375941681019,3.4796527306574805
229,0.0,990.0168763157436,3.4796527306574805
230,0.0,990.2639316596203,3.4796527306574805
231,0.0,989.8672512483255,3.4796527306574805
232,0.0,989.7037075699845,3.4796527306574805
233,0.0,990.2639316596203,3.4796527306574805
234,0.0,990.8519929711014,3.4796527306574805
235,0.0,991.0607721349409,3.4796527306574805
236,0.0,991.568801433617,3.4796527306574805
237,0.0,992.0489935104478,3.4796527306574805
238,0.0,992.0837900377543,3.4796527306574805
239,0.0,991.8889294848376,3.4796527306574805
240,0.0,991.9098074012214,3.4796527306574805
241,0.0,991.4678915044278,3.4796527306574805
242,0.0,991.1999582441672,3.4796527306574805
243,0.0,991.3321850479323,3.4796527306574805
244,0.0,991.8576126102615,3.4796527306574805
245,0.0,992.4595925326653,3.4796527306574805
246,0.0,992.9745811368025,3.4796527306574805
247,0.0,992.9815404422638,3.4796527306574805
248,0.0,992.5674617673158,3.4796527306574805
249,0.0,992.5361448927398,3.4796527306574805
250,0.0,992.3064878125165,3.4796527306574805
251,0.0,992.3552029507455,3.4796527306574805
252,0.0,992.6544530855821,3.4796527306574805
253,0.0,992.6579327383126,3.4796527306574805
254,0.0,992.7101275292727,3.4796527306574805
255,0.0,991.7219061537658,3.4796527306574805
256,0.0,991.7253858064965,3.4796527306574805
257,0.0,991.5618421281556,3.4796527306574805
258,0.0,991.7601823338031,3.4796527306574805
259,0.0,991.7845399029177,3.4796527306574805
260,0.0,991.1234058840928,3.4796527306574805
261,0.0,990.7789202637578,3.4796527306574805
262,0.0,990.9076674147921,3.4796527306574805
263,0.0,991.0886093567863,3.4796527306574805
264,0.0,990.8137167910643,3.4796527306574805
265,0.0,991.1164465786314,3.4796527306574805
266,0.0,991.6418741409608,3.4796527306574805
267,0.0,991.8436939993389,3.4796527306574805
268,0.0,991.8088974720323,3.4796527306574805
269,0.0,992.2542930215565,3.4796527306574805
270,0.0,992.309967465247,3.4796527306574805
271,0.0,992.6161769055448,3.4796527306574805
272,0.0,991.6070776136543,3.4796527306574805
273,0.0,991.1756006750526,3.4796527306574805
274,0.0,991.172121022322,3.4796527306574805
275,0.0,990.8415540129095,3.4796527306574805
276,0.0,990.7336847782591,3.4796527306574805
277,0.0,990.7545626946431,3.4796527306574805
278,0.0,990.6988882509526,3.4796527306574805
279,0.0,990.3544026306175,3.4796527306574805
280,0.0,990.2291351323138,3.4796527306574805
281,0.0,990.389199157924,3.4796527306574805
282,0.0,991.0120569967119,3.4796527306574805
283,0.0,991.0224959549038,3.4796527306574805
284,0.0,990.9076674147921,3.4796527306574805
285,0.0,990.6710510291074,3.4796527306574805
286,0.0,990.2326147850443,3.4796527306574805
287,0.0,989.9229256920161,3.4796527306574805
288,0.0,990.4727108234598,3.4796527306574805
289,0.0,990.1908589522765,3.4796527306574805
290,0.0,990.2326147850443,3.4796527306574805
291,0.0,989.6758703481393,3.4796527306574805
292,0.0,989.6932686117926,3.4796527306574805
293,0.0,989.8046174991736,3.4796527306574805
294,0.0,989.8950884701707,3.4796527306574805
295,0.0,990.1247455503942,3.4796527306574805
296,0.0,989.9925187466291,3.4796527306574805
297,0.0,990.4135567270387,3.4796527306574805
298,0.0,990.9459435948294,3.4796527306574805
299,0.0,990.4379142961533,3.4796527306574805
300,0.0,990.6084172799555,3.4796527306574805
301,0.0,991.3669815752388,3.4796527306574805
302,0.0,990.9459435948294,3.4796527306574805
303,0.0,990.9737808166745,3.4796527306574805
304,0.0,991.3321850479323,3.4796527306574805
305,0.0,991.3843798388921,3.4796527306574805
306,0.0,990.4100770743081,3.4796527306574805
307,0.0,989.658472084486,3.4796527306574805
308,0.0,989.2757102841136,3.4796527306574805
309,0.0,989.5540825025662,3.4796527306574805
310,0.0,989.2443934095379,3.4796527306574805
311,0.0,989.5784400716808,3.4796527306574805
312,0.0,989.8916088174401,3.4796527306574805
313,0.0,989.8602919428641,3.4796527306574805
314,0.0,989.5366842389129,3.4796527306574805
315,0.0,989.8568122901336,3.4796527306574805
316,0.0,990.6884492927607,3.4796527306574805
317,0.0,990.7684813055658,3.4796527306574805
318,0.0,990.876350540216,3.4796527306574805
319,0.0,991.0677314404022,3.4796527306574805
320,0.0,990.8311150547175,3.4796527306574805
321,0.0,990.8311150547175,3.4796527306574805
322,0.0,991.2069175496285,3.4796527306574805
323,0.0,990.5631817944569,3.4796527306574805
324,0.0,990.4553125598065,3.4796527306574805
325,0.0,990.5040276980358,3.4796527306574805
326,0.0,990.3822398524627,3.4796527306574805
327,0.0,990.2082572159297,3.4796527306574805
328,0.0,989.902047775632,3.4796527306574805
329,0.0,989.7663413191365,3.4796527306574805
330,0.0,990.1630217304313,3.4796527306574805
331,0.0,990.2186961741219,3.4796527306574805
332,0.0,990.5075073507663,3.4796527306574805
333,0.0,990.6710510291074,3.4796527306574805
334,0.0,990.4170363797692,3.4796527306574805
335,0.0,990.6780103345685,3.4796527306574805
336,0.0,991.0329349130957,3.4796527306574805
337,0.0,991.1790803277834,3.4796527306574805
338,0.0,991.2973885206258,3.4796527306574805
339,0.0,991.1790803277834,3.4796527306574805
340,0.0,991.0364145658265,3.4796527306574805
341,0.0,991.314786784279,3.4796527306574805
342,0.0,991.7567026810723,3.4796527306574805
343,0.0,991.6592724046141,3.4796527306574805
344,0.0,991.9098074012214,3.4796527306574805
345,0.0,991.8750108739149,3.4796527306574805
346,0.0,992.1046679541381,3.4796527306574805
347,0.0,992.3343250343617,3.4796527306574805
348,0.0,992.1951389251353,3.4796527306574805
349,0.0,992.188179619674,3.4796527306574805
350,0.0,992.0594324686397,3.4796527306574805
351,0.0,991.9933190667572,3.4796527306574805
352,0.0,992.1603423978288,3.4796527306574805
353,0.0,991.9794004558345,3.4796527306574805
354,0.0,991.9237260121441,3.4796527306574805
355,0.0,991.9515632339893,3.4796527306574805
356,0.0,992.0385545522556,3.4796527306574805
357,0.0,991.8436939993389,3.4796527306574805
358,0.0,991.934164970336,3.4796527306574805
359,0.0,991.7219061537658,3.4796527306574805
360,0.0,991.1303651895541,3.4796527306574805
361,0.0,990.9041877620613,3.4796527306574805
362,0.0,990.4065974215773,3.4796527306574805
363,0.0,990.2082572159297,3.4796527306574805
364,0.0,989.9890390938984,3.4796527306574805
365,0.0,990.2117368686605,3.4796527306574805
366,0.0,990.4274753379614,3.4796527306574805
367,0.0,990.8972284566,3.4796527306574805
368,0.0,991.1234058840928,3.4796527306574805
369,0.0,991.00161803852,3.4796527306574805
370,0.0,991.5061676844651,3.4796527306574805
371,0.0,991.1895192859753,3.4796527306574805
372,0.0,990.796318527411,3.4796527306574805
373,0.0,990.6153765854168,3.4796527306574805
374,0.0,991.0224959549038,3.4796527306574805
375,0.0,990.695408598222,3.4796527306574805
376,0.0,990.4100770743081,3.4796527306574805
377,0.0,990.7441237364512,3.4796527306574805
378,0.0,990.4205160325,3.4796527306574805
379,0.0,990.3300450615029,3.4796527306574805
380,0.0,990.4518329070758,3.4796527306574805
381,0.0,990.2708909650817,3.4796527306574805
382,0.0,990.3787601997321,3.4796527306574805
383,0.0,990.5283852671504,3.4796527306574805
384,0.0,990.2082572159297,3.4796527306574805
385,0.0,989.8115768046349,3.4796527306574805
386,0.0,989.5645214607581,3.4796527306574805
387,0.0,989.6375941681019,3.4796527306574805
388,0.0,989.2791899368444,3.4796527306574805
389,0.0,989.3800998660333,3.4796527306574805
390,0.0,989.1991579240392,3.4796527306574805
391,0.0,989.3453033387268,3.4796527306574805
392,0.0,989.3766202133028,3.4796527306574805
393,0.0,988.9973380656611,3.4796527306574805
394,0.0,988.8477129982429,3.4796527306574805
395,0.0,988.6215355707501,3.4796527306574805
396,0.0,988.8477129982429,3.4796527306574805
397,0.0,988.8546723037042,3.4796527306574805
398,0.0,989.0495328566209,3.4796527306574805
399,0.0,989.1330445221568,3.4796527306574805
400,0.0,988.9625415383543,3.4796527306574805
401,0.0,989.1226055639648,3.4796527306574805
402,0.0,989.2896288950363,3.4796527306574805
403,0.0,989.4148963933401,3.4796527306574805
404,0.0,989.2791899368444,3.4796527306574805
405,0.0,989.3870591714947,3.4796527306574805
406,0.0,989.5192859752597,3.4796527306574805
407,0.0,989.7350244445605,3.4796527306574805
408,0.0,989.7976581937122,3.4796527306574805
409,0.0,989.6932686117926,3.4796527306574805
410,0.0,989.700227917254,3.4796527306574805
411,0.0,989.7524227082138,3.4796527306574805
412,0.0,989.6619517372166,3.4796527306574805
413,0.0,989.3627016023801,3.4796527306574805
414,0.0,989.2757102841136,3.4796527306574805
415,0.0,989.352262644188,3.4796527306574805
416,0.0,989.1782800076552,3.4796527306574805
417,0.0,989.3105068114202,3.4796527306574805
418,0.0,989.5540825025662,3.4796527306574805
419,0.0,989.5227656279905,3.4796527306574805
420,0.0,989.8950884701707,3.4796527306574805
421,0.0,989.8533326374028,3.4796527306574805
422,0.0,990.145623466778,3.4796527306574805
423,0.0,989.9542425665918,3.4796527306574805
424,0.0,989.9472832611305,3.4796527306574805
425,0.0,989.9646815247838,3.4796527306574805
426,0.0,990.013396663013,3.4796527306574805
427,0.0,990.1630217304313,3.4796527306574805
428,0.0,990.4518329070758,3.4796527306574805
429,0.0,990.2604520068898,3.4796527306574805
430,0.0,990.3683212415402,3.4796527306574805
431,0.0,990.2152165213911,3.4796527306574805
432,0.0,990.2534927014284,3.4796527306574805
433,0.0,990.1491031195088,3.4796527306574805
434,0.0,990.1421438140475,3.4796527306574805
435,0.0,990.2917688814657,3.4796527306574805
436,0.0,989.9577222193226,3.4796527306574805
437,0.0,990.0203559684744,3.4796527306574805
438,0.0,990.246533395967,3.4796527306574805
439,0.0,990.4413939488838,3.4796527306574805
440,0.0,990.277850270543,3.4796527306574805
441,0.0,990.0481931903196,3.4796527306574805
442,0.0,989.6480331262941,3.4796527306574805
443,0.0,989.8150564573655,3.4796527306574805
444,0.0,989.689788959062,3.4796527306574805
445,0.0,989.5853993771422,3.4796527306574805
446,0.0,989.4740504897612,3.4796527306574805
447,0.0,989.425335351532,3.4796527306574805
448,0.0,989.6097569462568,3.4796527306574805
449,0.0,989.7454634027524,3.4796527306574805
450,0.0,989.9716408302452,3.4796527306574805
451,0.0,989.9681611775145,3.4796527306574805
452,0.0,989.4427336151853,3.4796527306574805
453,0.0,989.2026375767698,3.4796527306574805
454,0.0,989.0008177183917,3.4796527306574805
455,0.0,989.0808497311968,3.4796527306574805
456,0.0,989.4636115315693,3.4796527306574805
457,0.0,989.456652226108,3.4796527306574805
458,0.0,989.3348643805348,3.4796527306574805
459,0.0,989.1748003549246,3.4796527306574805
460,0.0,989.2548323677298,3.4796527306574805
461,0.0,989.5506028498356,3.4796527306574805
462,0.0,989.5610418080275,3.4796527306574805
463,0.0,989.7071872227152,3.4796527306574805
464,0.0,989.3348643805348,3.4796527306574805
465,0.0,988.8859891782799,3.4796527306574805
466,0.0,988.9660211910851,3.4796527306574805
467,0.0,989.2443934095379,3.4796527306574805
468,0.0,989.251352714999,3.4796527306574805
469,0.0,989.1539224385406,3.4796527306574805
470,0.0,989.1121666057727,3.4796527306574805
471,0.0,989.1260852166954,3.4796527306574805
472,0.0,989.2061172295006,3.4796527306574805
473,0.0,989.0251752875063,3.4796527306574805
474,0.0,988.7537623745151,3.4796527306574805
475,0.0,988.9103467473946,3.4796527306574805
476,0.0,989.0008177183917,3.4796527306574805
477,0.0,988.8964281364721,3.4796527306574805
478,0.0,988.743323416323,3.4796527306574805
479,0.0,988.7154861944778,3.4796527306574805
480,0.0,988.774640290899,3.4796527306574805
481,0.0,988.8233554291282,3.4796527306574805
482,0.0,988.6006576543663,3.4796527306574805
483,0.0,988.4614715451398,3.4796527306574805
484,0.0,988.5067070306384,3.4796527306574805
485,0.0,988.2526923813004,3.4796527306574805
486,0.0,987.6715903752805,3.4796527306574805
487,0.0,987.4384536423264,3.4796527306574805
488,0.0,987.3305844076763,3.4796527306574805
489,0.0,987.017415661917,3.4796527306574805
490,0.0,987.2122762148338,3.4796527306574805
491,0.0,987.6159159315899,3.4796527306574805
492,0.0,987.8560119700054,3.4796527306574805
493,0.0,987.8003375263149,3.4796527306574805
494,0.0,987.6889886389338,3.4796527306574805
495,0.0,987.4106164204812,3.4796527306574805
496,0.0,987.4001774622893,3.4796527306574805
497,0.0,987.4662908641718,3.4796527306574805
498,0.0,987.0243749673783,3.4796527306574805
499,0.0,986.7703603180402,3.4796527306574805
500,0.0,986.9199853854585,3.4796527306574805
501,0.0,986.9234650381893,3.4796527306574805
502,0.0,986.9582615654958,3.4796527306574805
503,0.0,986.8538719835761,3.4796527306574805
504,0.0,986.7216451798112,3.4796527306574805
505,0.0,986.8260347617307,3.4796527306574805
506,0.0,987.0104563564556,3.4796527306574805
507,0.0,986.9060667745359,3.4796527306574805
508,0.0,987.2435930894097,3.4796527306574805
509,0.0,987.1252848965673,3.4796527306574805
510,0.0,987.1879186457192,3.4796527306574805
511,0.0,987.0417732310316,3.4796527306574805
512,0.0,986.8503923308454,3.4796527306574805
513,0.0,986.7564417071177,3.4796527306574805
514,0.0,986.5093863632409,3.4796527306574805
515,0.0,986.5754997651234,3.4796527306574805
516,0.0,986.7077265688885,3.4796527306574805
517,0.0,986.5789794178542,3.4796527306574805
518,0.0,986.366720601284,3.4796527306574805
519,0.0,986.3284444212467,3.4796527306574805
520,0.0,986.1301042155993,3.4796527306574805
521,0.0,985.7890982479948,3.4796527306574805
522,0.0,985.5768394314248,3.4796527306574805
523,0.0,985.3193451293561,3.4796527306574805
524,0.0,985.7195051933818,3.4796527306574805
525,0.0,985.9804791481811,3.4796527306574805
526,0.0,985.8517319971468,3.4796527306574805
527,0.0,986.498947405049,3.4796527306574805
528,0.0,986.4850287941263,3.4796527306574805
529,0.0,986.9617412182264,3.4796527306574805
530,0.0,987.0974476747222,3.4796527306574805
531,0.0,987.2401134366792,3.4796527306574805
532,0.0,986.9652208709572,3.4796527306574805
533,0.0,986.6276945560834,3.4796527306574805
534,0.0,986.6311742088141,3.4796527306574805
535,0.0,986.4154357395132,3.4796527306574805
536,0.0,986.4154357395132,3.4796527306574805
537,0.0,986.6520521251981,3.4796527306574805
538,0.0,986.7251248325417,3.4796527306574805
539,0.0,987.3758198931747,3.4796527306574805
540,0.0,987.2157558675644,3.4796527306574805
541,0.0,987.3166657967536,3.4796527306574805
542,0.0,987.7481427353551,3.4796527306574805
543,0.0,987.4523722532491,3.4796527306574805
544,0.0,987.636793847974,3.4796527306574805
545,0.0,987.7551020408163,3.4796527306574805
546,0.0,988.1622214103033,3.4796527306574805
547,0.0,988.7537623745151,3.4796527306574805
548,0.0,988.5032273779076,3.4796527306574805
549,0.0,988.6772100144404,3.4796527306574805
550,0.0,988.5275849470222,3.4796527306574805
551,0.0,988.531064599753,3.4796527306574805
552,0.0,988.4649511978705,3.4796527306574805
553,0.0,988.3292447413749,3.4796527306574805
554,0.0,988.0856690502288,3.4796527306574805
555,0.0,988.155262104842,3.4796527306574805
556,0.0,988.2735702976843,3.4796527306574805
557,0.0,988.2457330758391,3.4796527306574805
558,0.0,988.3501226577589,3.4796527306574805
559,0.0,988.224855159455,3.4796527306574805
560,0.0,988.3083668249908,3.4796527306574805
561,0.0,987.9569218991946,3.4796527306574805
562,0.0,988.0856690502288,3.4796527306574805
563,0.0,988.7050472362858,3.4796527306574805
564,0.0,988.6806896671712,3.4796527306574805
565,0.0,988.7015675835551,3.4796527306574805
566,0.0,988.7468030690537,3.4796527306574805
567,0.0,988.8442333455123,3.4796527306574805
568,0.0,988.7920385545523,3.4796527306574805
569,0.0,988.7050472362858,3.4796527306574805
570,0.0,994.1298258433808,3.4796527306574805
571,0.0,994.6308958365955,3.4796527306574805
572,0.0,994.9719018042,3.4796527306574805
573,0.0,994.6169772256728,3.4796527306574805
574,0.0,994.7422447239767,3.4796527306574805
575,0.0,995.2920298554204,3.4796527306574805
576,0.0,995.0658524279277,3.4796527306574805
577,0.0,994.7004888912088,3.4796527306574805
578,0.0,994.6134975729423,3.4796527306574805
579,0.0,994.728326113054,3.4796527306574805
580,0.0,994.4812707691774,3.4796527306574805
581,0.0,994.7039685439394,3.4796527306574805
582,0.0,995.0449745115438,3.4796527306574805
583,0.0,994.9336256241628,3.4796527306574805
584,0.0,994.6134975729423,3.4796527306574805
585,0.0,994.0115176505385,3.4796527306574805
586,0.0,994.5473841710597,3.4796527306574805
587,0.0,994.8013988203976,3.4796527306574805
588,0.0,995.072811733389,3.4796527306574805
589,0.0,995.1911199262313,3.4796527306574805
590,0.0,994.5787010456356,3.4796527306574805
591,0.0,994.0289159141919,3.4796527306574805
592,0.0,994.0149973032692,3.4796527306574805
593,0.0,994.209857856186,3.4796527306574805
594,0.0,994.3281660490284,3.4796527306574805
595,0.0,993.9488839013866,3.4796527306574805
596,0.0,994.1924595925327,3.4796527306574805
597,0.0,994.453433547332,3.4796527306574805
598,0.0,994.3768811872576,3.4796527306574805
599,0.0,994.2759712580685,3.4796527306574805
600,0.0,994.6587330584409,3.4796527306574805
601,0.0,994.808358125859,3.4796527306574805
602,0.0,994.8013988203976,3.4796527306574805
603,0.0,994.9301459714321,3.4796527306574805
604,0.0,994.8048784731284,3.4796527306574805
605,0.0,994.8466343058963,3.4796527306574805
606,0.0,994.7526836821686,3.4796527306574805
607,0.0,994.6796109748248,3.4796527306574805
608,0.0,994.6656923639023,3.4796527306574805
609,0.0,994.1959392452633,3.4796527306574805
610,0.0,994.2063782034554,3.4796527306574805
611,0.0,993.7888198757765,3.4796527306574805
612,0.0,993.9871600814239,3.4796527306574805
613,0.0,993.9106077213494,3.4796527306574805
614,0.0,993.9628025123092,3.4796527306574805
615,0.0,994.4708318109853,3.4796527306574805
616,0.0,994.8153174313203,3.4796527306574805
617,0.0,994.6552534057101,3.4796527306574805
618,0.0,994.7874802094751,3.4796527306574805
619,0.0,994.7039685439394,3.4796527306574805
620,0.0,995.0380152060825,3.4796527306574805
621,0.0,994.8918697913949,3.4796527306574805
622,0.0,994.9858204151227,3.4796527306574805
623,0.0,995.1110879134263,3.4796527306574805
624,0.0,994.8675122222803,3.4796527306574805
625,0.0,994.7909598622057,3.4796527306574805
626,0.0,994.8640325695495,3.4796527306574805
627,0.0,994.4708318109853,3.4796527306574805
628,0.0,994.2968491744524,3.4796527306574805
629,0.0,994.7074481966702,3.4796527306574805
630,0.0,994.8918697913949,3.4796527306574805
631,0.0,994.5821806983662,3.4796527306574805
632,0.0,994.6830906275555,3.4796527306574805
633,0.0,995.4520938810306,3.4796527306574805
634,0.0,995.692189919446,3.4796527306574805
635,0.0,995.6469544339476,3.4796527306574805
636,0.0,995.5321258938358,3.4796527306574805
637,0.0,995.3129077718045,3.4796527306574805
638,0.0,995.7200271412912,3.4796527306574805
639,0.0,995.5704020738731,3.4796527306574805
640,0.0,995.8487742923256,3.4796527306574805
641,0.0,995.7896201959045,3.4796527306574805
642,0.0,995.9566435269761,3.4796527306574805
643,0.0,996.3637628964628,3.4796527306574805
644,0.0,996.7569636550272,3.4796527306574805
645,0.0,997.1919202463594,3.4796527306574805
646,0.0,996.8300363623711,3.4796527306574805
647,0.0,996.972702124328,3.4796527306574805
648,0.0,996.8543939314857,3.4796527306574805
649,0.0,996.7743619186805,3.4796527306574805
650,0.0,996.7465246968352,3.4796527306574805
651,0.0,996.8195974041791,3.4796527306574805
652,0.0,997.4563738538894,3.4796527306574805
653,0.0,997.3728621883536,3.4796527306574805
654,0.0,997.6442751013448,3.4796527306574805
655,0.0,997.6094785740382,3.4796527306574805
656,0.0,997.8217373906085,3.4796527306574805
657,0.0,998.1905805800582,3.4796527306574805
658,0.0,997.755623988726,3.4796527306574805
659,0.0,997.7069088504968,3.4796527306574805
660,0.0,997.8147780851472,3.4796527306574805
661,0.0,997.2719522591646,3.4796527306574805
662,0.0,997.0248969152877,3.4796527306574805
663,0.0,996.8126380987178,3.4796527306574805
664,0.0,996.6316961567237,3.4796527306574805
665,0.0,996.6838909476835,3.4796527306574805
666,0.0,996.6664926840302,3.4796527306574805
667,0.0,996.8891904587922,3.4796527306574805
668,0.0,996.7743619186805,3.4796527306574805
669,0.0,996.8648328896778,3.4796527306574805
670,0.0,996.9553038606747,3.4796527306574805
671,0.0,996.9100683751763,3.4796527306574805
672,0.0,996.6699723367608,3.4796527306574805
673,0.0,996.9344259442909,3.4796527306574805
674,0.0,996.7848008768725,3.4796527306574805
675,0.0,997.0596934425945,3.4796527306574805
676,0.0,997.1118882335544,3.4796527306574805
677,0.0,996.8509142787551,3.4796527306574805
678,0.0,996.8717921951389,3.4796527306574805
679,0.0,996.8752718478697,3.4796527306574805
680,0.0,996.7291264331819,3.4796527306574805
681,0.0,996.1480244271622,3.4796527306574805
682,0.0,996.3185274109644,3.4796527306574805
683,0.0,996.6595333785689,3.4796527306574805
684,0.0,996.6943299058754,3.4796527306574805
685,0.0,996.7952398350645,3.4796527306574805
686,0.0,996.8787515006003,3.4796527306574805
687,0.0,997.0144579570958,3.4796527306574805
688,0.0,996.9274666388295,3.4796527306574805
689,0.0,996.8509142787551,3.4796527306574805
690,0.0,996.6073385876091,3.4796527306574805
691,0.0,996.3498442855404,3.4796527306574805
692,0.0,996.5516641439185,3.4796527306574805
693,0.0,996.5307862275345,3.4796527306574805
694,0.0,996.4124780346923,3.4796527306574805
695,0.0,996.1863006071994,3.4796527306574805
696,0.0,996.3289663691563,3.4796527306574805
697,0.0,996.6456147676462,3.4796527306574805
698,0.0,996.6212571985316,3.4796527306574805
699,0.0,996.443794909268,3.4796527306574805
700,0.0,996.1445447744316,3.4796527306574805
701,0.0,995.9427249160534,3.4796527306574805
702,0.0,996.0610331088957,3.4796527306574805
703,0.0,996.0888703307409,3.4796527306574805
704,0.0,996.2071785235835,3.4796527306574805
705,0.0,996.1097482471249,3.4796527306574805
706,0.0,996.2280564399673,3.4796527306574805
707,0.0,996.0401551925119,3.4796527306574805
708,0.0,995.744384710406,3.4796527306574805
709,0.0,995.6991492249074,3.4796527306574805
710,0.0,995.6017189484489,3.4796527306574805
711,0.0,995.379021173687,3.4796527306574805
712,0.0,995.1180472188877,3.4796527306574805
713,0.0,994.9301459714321,3.4796527306574805
714,0.0,995.2885502026899,3.4796527306574805
715,0.0,995.2850705499591,3.4796527306574805
716,0.0,995.2607129808445,3.4796527306574805
717,0.0,995.5182072829132,3.4796527306574805
718,0.0,995.6434747812168,3.4796527306574805
719,0.0,995.4242566591854,3.4796527306574805
720,0.0,995.5599631156812,3.4796527306574805
721,0.0,995.7965795013658,3.4796527306574805
722,0.0,996.2141378290448,3.4796527306574805
723,0.0,995.8000591540964,3.4796527306574805
724,0.0,995.7722219322512,3.4796527306574805
725,0.0,995.9427249160534,3.4796527306574805
726,0.0,996.1062685943941,3.4796527306574805
727,0.0,996.0262365815892,3.4796527306574805
728,0.0,995.9810010960907,3.4796527306574805
729,0.0,995.9531638742453,3.4796527306574805
730,0.0,996.0923499834716,3.4796527306574805
731,0.0,996.1932599126608,3.4796527306574805
732,0.0,996.3602832437323,3.4796527306574805
733,0.0,996.4263966456148,3.4796527306574805
734,0.0,996.7743619186805,3.4796527306574805
735,0.0,996.9657428188666,3.4796527306574805
736,0.0,996.5899403239556,3.4796527306574805
737,0.0,996.5447048384572,3.4796527306574805
738,0.0,996.3011291473111,3.4796527306574805
739,0.0,996.273291925466,3.4796527306574805
740,0.0,996.4646728256521,3.4796527306574805
741,0.0,996.5690624075718,3.4796527306574805
742,0.0,996.6421351149156,3.4796527306574805
743,0.0,996.8369956678324,3.4796527306574805
744,0.0,996.6316961567237,3.4796527306574805
745,0.0,996.4959897002279,3.4796527306574805
746,0.0,996.4681524783826,3.4796527306574805
747,0.0,996.6108182403397,3.4796527306574805
748,0.0,996.6595333785689,3.4796527306574805
749,0.0,996.5099083111506,3.4796527306574805
750,0.0,996.4611931729213,3.4796527306574805
751,0.0,996.3637628964628,3.4796527306574805
752,0.0,996.3637628964628,3.4796527306574805
753,0.0,996.4020390765002,3.4796527306574805
754,0.0,996.210658176314,3.4796527306574805
755,0.0,996.0505941507038,3.4796527306574805
756,0.0,995.9496842215148,3.4796527306574805
757,0.0,995.8626929032482,3.4796527306574805
758,0.0,995.8070184595578,3.4796527306574805
759,0.0,995.824416723211,3.4796527306574805
760,0.0,996.0088383179359,3.4796527306574805
761,0.0,996.0471144979732,3.4796527306574805
762,0.0,996.1897802599301,3.4796527306574805
763,0.0,996.3707222019242,3.4796527306574805
764,0.0,996.5307862275345,3.4796527306574805
765,0.0,996.3185274109644,3.4796527306574805
766,0.0,995.9949197070134,3.4796527306574805
767,0.0,996.311568105503,3.4796527306574805
768,0.0,996.374201854655,3.4796527306574805
769,0.0,996.638655462185,3.4796527306574805
770,0.0,996.5934199766864,3.4796527306574805
771,0.0,996.7848008768725,3.4796527306574805
772,0.0,996.565582754841,3.4796527306574805
773,0.0,996.5133879638812,3.4796527306574805
774,0.0,996.5099083111506,3.4796527306574805
775,0.0,996.5447048384572,3.4796527306574805
776,0.0,996.6212571985316,3.4796527306574805
777,0.0,996.7256467804514,3.4796527306574805
778,0.0,996.8578735842165,3.4796527306574805
779,0.0,996.972702124328,3.4796527306574805
780,0.0,996.8021991405259,3.4796527306574805
781,0.0,997.1223271917463,3.4796527306574805
782,0.0,997.1292864972077,3.4796527306574805
783,0.0,997.094489969901,3.4796527306574805
784,0.0,997.1014492753624,3.4796527306574805
785,0.0,996.962263166136,3.4796527306574805
786,0.0,996.8126380987178,3.4796527306574805
787,0.0,996.9274666388295,3.4796527306574805
788,0.0,996.9274666388295,3.4796527306574805
789,0.0,996.8717921951389,3.4796527306574805
790,0.0,996.8683125424084,3.4796527306574805
791,0.0,997.0248969152877,3.4796527306574805
792,0.0,996.9553038606747,3.4796527306574805
793,0.0,997.0109783043653,3.4796527306574805
794,0.0,996.6769316422221,3.4796527306574805
795,0.0,996.7813212241418,3.4796527306574805
796,0.0,996.7152078222592,3.4796527306574805
797,0.0,996.6769316422221,3.4796527306574805
798,0.0,996.8195974041791,3.4796527306574805
799,0.0,996.7639229604886,3.4796527306574805
800,0.0,996.9692224715974,3.4796527306574805
801,0.0,997.0179376098266,3.4796527306574805
802,0.0,997.237155731858,3.4796527306574805
803,0.0,997.2127981627434,3.4796527306574805
804,0.0,997.136245802669,3.4796527306574805
805,0.0,997.0318562207491,3.4796527306574805
806,0.0,996.9796614297893,3.4796527306574805
807,0.0,996.8891904587922,3.4796527306574805
808,0.0,996.9065887224455,3.4796527306574805
809,0.0,996.7778415714112,3.4796527306574805
810,0.0,996.8787515006003,3.4796527306574805
811,0.0,996.8996294169843,3.4796527306574805
812,0.0,996.8752718478697,3.4796527306574805
813,0.0,996.9031090697149,3.4796527306574805
814,0.0,996.9379055970214,3.4796527306574805
815,0.0,996.861353236947,3.4796527306574805
816,0.0,997.0457748316718,3.4796527306574805
817,0.0,997.0109783043653,3.4796527306574805
818,0.0,997.0353358734799,3.4796527306574805
819,0.0,997.0040189989039,3.4796527306574805
820,0.0,996.9901003879812,3.4796527306574805
821,0.0,996.972702124328,3.4796527306574805
822,0.0,997.0422951789412,3.4796527306574805
823,0.0,997.136245802669,3.4796527306574805
824,0.0,997.2754319118953,3.4796527306574805
825,0.0,997.4354959375054,3.4796527306574805
826,0.0,997.5016093393881,3.4796527306574805
827,0.0,997.5781616994625,3.4796527306574805
828,0.0,997.5294465612333,3.4796527306574805
829,0.0,997.5746820467317,3.4796527306574805
830,0.0,997.4737721175427,3.4796527306574805
831,0.0,997.5050889921187,3.4796527306574805
832,0.0,997.4702924648121,3.4796527306574805
833,0.0,997.4076587156602,3.4796527306574805
834,0.0,997.4772517702735,3.4796527306574805
835,0.0,997.5016093393881,3.4796527306574805
836,0.0,997.51204829758,3.4796527306574805
837,0.0,997.4702924648121,3.4796527306574805
838,0.0,997.5642430885398,3.4796527306574805
839,0.0,997.5503244776171,3.4796527306574805
840,0.0,997.6338361431528,3.4796527306574805
841,0.0,997.5642430885398,3.4796527306574805
842,0.0,997.612958226769,3.4796527306574805
843,0.0,997.6164378794996,3.4796527306574805
844,0.0,997.6407954486142,3.4796527306574805
845,0.0,997.612958226769,3.4796527306574805
846,0.0,997.5050889921187,3.4796527306574805
847,0.0,997.5781616994625,3.4796527306574805
848,0.0,997.3276267028551,3.4796527306574805
849,0.0,997.3833011465456,3.4796527306574805
850,0.0,997.3415453137776,3.4796527306574805
851,0.0,997.1745219827061,3.4796527306574805
852,0.0,997.1118882335544,3.4796527306574805
853,0.0,997.216277815474,3.4796527306574805
854,0.0,997.348504619239,3.4796527306574805
855,0.0,997.4041790629295,3.4796527306574805
856,0.0,997.3171877446632,3.4796527306574805
857,0.0,997.3624232301617,3.4796527306574805
858,0.0,997.4737721175427,3.4796527306574805
859,0.0,997.3276267028551,3.4796527306574805
860,0.0,997.3554639247003,3.4796527306574805
861,0.0,997.4076587156602,3.4796527306574805
862,0.0,997.5398855194252,3.4796527306574805
863,0.0,997.6094785740382,3.4796527306574805
864,0.0,997.6407954486142,3.4796527306574805
865,0.0,997.5851210049236,3.4796527306574805
866,0.0,997.8043391269553,3.4796527306574805
867,0.0,998.0444351653705,3.4796527306574805
868,0.0,998.1905805800582,3.4796527306574805
869,0.0,998.1557840527516,3.4796527306574805
870,0.0,997.9609234998348,3.4796527306574805
871,0.0,998.1035892617916,3.4796527306574805
872,0.0,998.131426483637,3.4796527306574805
873,0.0,998.0165979435253,3.4796527306574805
874,0.0,998.0235572489867,3.4796527306574805
875,0.0,997.8739321815683,3.4796527306574805
876,0.0,997.7973798214939,3.4796527306574805
877,0.0,997.8147780851472,3.4796527306574805
878,0.0,997.9226473197975,3.4796527306574805
879,0.0,998.0479148181013,3.4796527306574805
880,0.0,997.9574438471041,3.4796527306574805
881,0.0,998.0061589853333,3.4796527306574805
882,0.0,998.0270369017172,3.4796527306574805
883,0.0,998.1453450945597,3.4796527306574805
884,0.0,998.1905805800582,3.4796527306574805
885,0.0,998.1871009273276,3.4796527306574805
886,0.0,998.1209875254451,3.4796527306574805
887,0.0,998.1940602327887,3.4796527306574805
888,0.0,997.9644031525654,3.4796527306574805
889,0.0,997.866972876107,3.4796527306574805
890,0.0,997.8252170433391,3.4796527306574805
891,0.0,997.4215773265829,3.4796527306574805
892,0.0,997.3763418410842,3.4796527306574805
893,0.0,997.3972197574683,3.4796527306574805
894,0.0,997.4250569793135,3.4796527306574805
895,0.0,997.3798214938149,3.4796527306574805
896,0.0,997.3345860083165,3.4796527306574805
897,0.0,997.2580336482418,3.4796527306574805
898,0.0,997.2823912173567,3.4796527306574805
899,0.0,997.1397254553996,3.4796527306574805
900,0.0,997.0109783043653,3.4796527306574805
901,0.0,996.9866207352507,3.4796527306574805
902,0.0,996.7813212241418,3.4796527306574805
903,0.0,996.7882805296032,3.4796527306574805
904,0.0,997.1397254553996,3.4796527306574805
905,0.0,997.1919202463594,3.4796527306574805
906,0.0,997.3276267028551,3.4796527306574805
907,0.0,997.1780016354369,3.4796527306574805
908,0.0,997.1780016354369,3.4796527306574805
909,0.0,997.268472606434,3.4796527306574805
910,0.0,997.2615133009726,3.4796527306574805
911,0.0,997.115367886285,3.4796527306574805
912,0.0,997.3624232301617,3.4796527306574805
913,0.0,997.268472606434,3.4796527306574805
914,0.0,997.104928928093,3.4796527306574805
915,0.0,996.7952398350645,3.4796527306574805
916,0.0,996.7882805296032,3.4796527306574805
917,0.0,996.7012892113368,3.4796527306574805
918,0.0,997.0179376098266,3.4796527306574805
919,0.0,996.9553038606747,3.4796527306574805
920,0.0,997.0805713589784,3.4796527306574805
921,0.0,996.687370600414,3.4796527306574805
922,0.0,996.7326060859125,3.4796527306574805
923,0.0,996.7813212241418,3.4796527306574805
924,0.0,996.9135480279068,3.4796527306574805
925,0.0,996.9309462915601,3.4796527306574805
926,0.0,997.0840510117091,3.4796527306574805
927,0.0,997.2301964263967,3.4796527306574805
928,0.0,997.4354959375054,3.4796527306574805
929,0.0,997.4946500339267,3.4796527306574805
930,0.0,997.9574438471041,3.4796527306574805
931,0.0,998.1140282199838,3.4796527306574805
932,0.0,998.0339962071786,3.4796527306574805
933,0.0,997.8460949597229,3.4796527306574805
934,0.0,997.7904205160326,3.4796527306574805
935,0.0,997.8600135706456,3.4796527306574805
936,0.0,997.7730222523793,3.4796527306574805
937,0.0,997.7312664196114,3.4796527306574805
938,0.0,997.8600135706456,3.4796527306574805
939,0.0,997.8495746124537,3.4796527306574805
940,0.0,997.4006994101989,3.4796527306574805
941,0.0,997.0736120535172,3.4796527306574805
942,0.0,996.9100683751763,3.4796527306574805
943,0.0,996.8369956678324,3.4796527306574805
944,0.0,996.7221671277206,3.4796527306574805
945,0.0,996.71868747499,3.4796527306574805
946,0.0,996.8683125424084,3.4796527306574805
947,0.0,997.1780016354369,3.4796527306574805
948,0.0,997.1536440663223,3.4796527306574805
949,0.0,997.0040189989039,3.4796527306574805
950,0.0,996.9274666388295,3.4796527306574805
951,0.0,996.6456147676462,3.4796527306574805
952,0.0,996.6769316422221,3.4796527306574805
953,0.0,996.5029490056893,3.4796527306574805
954,0.0,996.4820710893054,3.4796527306574805
955,0.0,996.7465246968352,3.4796527306574805
956,0.0,996.8230770569097,3.4796527306574805
957,0.0,997.0596934425945,3.4796527306574805
958,0.0,993.1416044678741,3.4796527306574805
959,0.0,993.9175670268107,3.4796527306574805
960,0.0,994.0706717469596,3.4796527306574805
961,0.0,994.1820206343406,3.4796527306574805
962,0.0,994.1681020234181,3.4796527306574805
963,0.0,994.3490439654122,3.4796527306574805
964,0.0,994.1715816761487,3.4796527306574805
965,0.0,993.8758111940429,3.4796527306574805
966,0.0,993.7470640430084,3.4796527306574805
967,0.0,993.7087878629713,3.4796527306574805
968,0.0,994.1367851488421,3.4796527306574805
969,0.0,993.7366250848165,3.4796527306574805
970,0.0,993.4721714772867,3.4796527306574805
971,0.0,992.9293456513041,3.4796527306574805
972,0.0,993.2355550916018,3.4796527306574805
973,0.0,993.6461541138195,3.4796527306574805
974,0.0,993.5382848791692,3.4796527306574805
975,0.0,992.9467439149573,3.4796527306574805
976,0.0,993.2738312716391,3.4796527306574805
977,0.0,993.5000086991319,3.4796527306574805
978,0.0,993.2425143970631,3.4796527306574805
979,0.0,993.6078779337822,3.4796527306574805
980,0.0,994.1855002870714,3.4796527306574805
981,0.0,994.2411747307619,3.4796527306574805
982,0.0,994.6308958365955,3.4796527306574805
983,0.0,994.9127477077787,3.4796527306574805
984,0.0,994.8361953477043,3.4796527306574805
985,0.0,995.104128607965,3.4796527306574805
986,0.0,995.0902099970423,3.4796527306574805
987,0.0,994.9719018042,3.4796527306574805
988,0.0,995.2989891608818,3.4796527306574805
989,0.0,994.9162273605095,3.4796527306574805
990,0.0,994.8988290968563,3.4796527306574805
991,0.0,994.8883901386641,3.4796527306574805
992,0.0,994.8048784731284,3.4796527306574805
993,0.0,994.7387650712459,3.4796527306574805
994,0.0,994.8431546531657,3.4796527306574805
995,0.0,994.8779511804722,3.4796527306574805
996,0.0,994.6517737529796,3.4796527306574805
997,0.0,994.5926196565582,3.4796527306574805
998,0.0,994.4290759782174,3.4796527306574805
999,0.0,994.474311463716,3.4796527306574805
1000,0.0,994.1367851488421,3.4796527306574805
1001,0.0,993.9697618177705,3.4796527306574805
1002,0.0,994.0045583450773,3.4796527306574805
1003,0.0,996.1863006071994,3.4796527306574805
1004,0.0,996.0157976233972,3.4796527306574805
1005,0.0,995.6051986011797,3.4796527306574805
1006,0.0,994.9997390260452,3.4796527306574805
1007,0.0,995.1772013153088,3.4796527306574805
1008,0.0,995.1145675661569,3.4796527306574805
1009,0.0,995.0380152060825,3.4796527306574805
1010,0.0,994.7457243767072,3.4796527306574805
1011,0.0,995.1876402735007,3.4796527306574805
1012,0.0,995.6643526976009,3.4796527306574805
1013,0.0,995.967082485168,3.4796527306574805
1014,0.0,995.8800911669015,3.4796527306574805
1015,0.0,995.6539137394087,3.4796527306574805
1016,0.0,996.0018790124745,3.4796527306574805
1017,0.0,995.8766115141709,3.4796527306574805
1018,0.0,995.5808410320651,3.4796527306574805
1019,0.0,995.4346956173773,3.4796527306574805
1020,0.0,995.0206169424292,3.4796527306574805
1021,0.0,995.072811733389,3.4796527306574805
1022,0.0,994.4951893800999,3.4796527306574805
1023,0.0,994.7109278494007,3.4796527306574805
1024,0.0,994.523026601945,3.4796527306574805
1025,0.0,994.0010786923465,3.4796527306574805
1026,0.0,993.7296657793552,3.4796527306574805
1027,0.0,994.0671920942291,3.4796527306574805
1028,0.0,993.9941193868852,3.4796527306574805
1029,0.0,993.9419245959253,3.4796527306574805
1030,0.0,994.0428345251145,3.4796527306574805
1031,0.0,994.1646223706873,3.4796527306574805
1032,0.0,994.0358752196531,3.4796527306574805
1033,0.0,993.9628025123092,3.4796527306574805
1034,0.0,994.1054682742662,3.4796527306574805
1035,0.0,994.2933695217217,3.4796527306574805
1036,0.0,994.4012387563722,3.4796527306574805
1037,0.0,994.3003288271831,3.4796527306574805
1038,0.0,994.6517737529796,3.4796527306574805
1039,0.0,994.6796109748248,3.4796527306574805
1040,0.0,994.5195469492145,3.4796527306574805
1041,0.0,994.1715816761487,3.4796527306574805
1042,0.0,994.2342154253006,3.4796527306574805
1043,0.0,994.0880700106129,3.4796527306574805
1044,0.0,993.6635523774728,3.4796527306574805
1045,0.0,993.2494737025245,3.4796527306574805
1046,0.0,993.1798806479114,3.4796527306574805
1047,0.0,993.4930493936705,3.4796527306574805
1048,0.0,993.5208866155157,3.4796527306574805
1049,0.0,993.072011413261,3.4796527306574805
1050,0.0,993.1937992588341,3.4796527306574805
1051,0.0,993.0754910659916,3.4796527306574805
1052,0.0,992.7797205838858,3.4796527306574805
1053,0.0,992.9189066931121,3.4796527306574805
1054,0.0,993.0232962750317,3.4796527306574805
1055,0.0,993.0546131496077,3.4796527306574805
1056,0.0,993.1207265514903,3.4796527306574805
1057,0.0,993.183360300642,3.4796527306574805
1058,0.0,993.072011413261,3.4796527306574805
1059,0.0,993.3538632844443,3.4796527306574805
1060,0.0,993.7714216121233,3.4796527306574805
1061,0.0,993.7679419593925,3.4796527306574805
1062,0.0,993.8375350140058,3.4796527306574805
1063,0.0,994.2028985507246,3.4796527306574805
1064,0.0,994.4081980618336,3.4796527306574805
1065,0.0,994.4429945891401,3.4796527306574805
1066,0.0,994.6065382674809,3.4796527306574805
1067,0.0,994.3768811872576,3.4796527306574805
1068,0.0,994.3246863962977,3.4796527306574805
1069,0.0,994.2516136889539,3.4796527306574805
1070,0.0,994.2759712580685,3.4796527306574805
1071,0.0,994.3246863962977,3.4796527306574805
1072,0.0,994.157663065226,3.4796527306574805
1073,0.0,994.5821806983662,3.4796527306574805
1074,0.0,994.484750421908,3.4796527306574805
1075,0.0,994.7109278494007,3.4796527306574805
1076,0.0,994.9301459714321,3.4796527306574805
1077,0.0,995.3024688136126,3.4796527306574805
1078,0.0,995.9322859578615,3.4796527306574805
1079,0.0,995.824416723211,3.4796527306574805
1080,0.0,995.8905301250936,3.4796527306574805
1081,0.0,995.2537536753831,3.4796527306574805
1082,0.0,994.940584929624,3.4796527306574805
1083,0.0,994.7944395149365,3.4796527306574805
1084,0.0,994.6482941002488,3.4796527306574805
1085,0.0,994.5647824347129,3.4796527306574805
1086,0.0,994.4325556309482,3.4796527306574805
1087,0.0,994.3942794509109,3.4796527306574805
1088,0.0,994.3873201454495,3.4796527306574805
1089,0.0,994.3629625763349,3.4796527306574805
1090,0.0,994.2446543834925,3.4796527306574805
1091,0.0,994.4186370200255,3.4796527306574805
1092,0.0,994.2585729944152,3.4796527306574805
1093,0.0,994.5160672964839,3.4796527306574805
1094,0.0,993.9906397341546,3.4796527306574805
1095,0.0,994.0184769559999,3.4796527306574805
1096,0.0,994.352523618143,3.4796527306574805
1097,0.0,994.3003288271831,3.4796527306574805
1098,0.0,994.7735615985524,3.4796527306574805
1099,0.0,994.6134975729423,3.4796527306574805
1100,0.0,993.9767211232319,3.4796527306574805
1101,0.0,993.8758111940429,3.4796527306574805
1102,0.0,994.1541834124954,3.4796527306574805
1103,0.0,994.422116672756,3.4796527306574805
1104,0.0,994.3177270908363,3.4796527306574805
1105,0.0,994.3142474381057,3.4796527306574805
1106,0.0,994.6691720166328,3.4796527306574805
1107,0.0,994.8953494441255,3.4796527306574805
1108,0.0,994.7874802094751,3.4796527306574805
1109,0.0,994.6517737529796,3.4796527306574805
1110,0.0,994.5578231292516,3.4796527306574805
1111,0.0,994.7039685439394,3.4796527306574805
1112,0.0,994.8675122222803,3.4796527306574805
1113,0.0,994.4499538946014,3.4796527306574805
1114,0.0,994.2864102162604,3.4796527306574805
1115,0.0,994.4673521582547,3.4796527306574805
1116,0.0,994.6587330584409,3.4796527306574805
1117,0.0,994.7144075021313,3.4796527306574805
1118,0.0,994.5682620874437,3.4796527306574805
1119,0.0,994.6482941002488,3.4796527306574805
1120,0.0,994.0358752196531,3.4796527306574805
1121,0.0,993.8932094576961,3.4796527306574805
1122,0.0,993.9628025123092,3.4796527306574805
1123,0.0,994.5125876437531,3.4796527306574805
1124,0.0,994.5891400038275,3.4796527306574805
1125,0.0,994.5299859074064,3.4796527306574805
1126,0.0,994.4917097273693,3.4796527306574805
1127,0.0,994.7944395149365,3.4796527306574805
1128,0.0,994.8222767367816,3.4796527306574805
1129,0.0,994.554343476521,3.4796527306574805
1130,0.0,994.5439045183291,3.4796527306574805
1131,0.0,994.6274161838649,3.4796527306574805
1132,0.0,994.3629625763349,3.4796527306574805
1133,0.0,994.1507037597648,3.4796527306574805
1134,0.0,994.1541834124954,3.4796527306574805
1135,0.0,994.2272561198392,3.4796527306574805
1136,0.0,994.1541834124954,3.4796527306574805
1137,0.0,994.0323955669226,3.4796527306574805
1138,0.0,993.6078779337822,3.4796527306574805
1139,0.0,993.3121074516762,3.4796527306574805
1140,0.0,993.4373749499802,3.4796527306574805
1141,0.0,993.5452441846303,3.4796527306574805
1142,0.0,993.7087878629713,3.4796527306574805
1143,0.0,993.9071280686188,3.4796527306574805
1144,0.0,994.0080379978078,3.4796527306574805
1145,0.0,994.0219566087305,3.4796527306574805
1146,0.0,993.854933277659,3.4796527306574805
1147,0.0,993.6217965447049,3.4796527306574805
1148,0.0,993.6461541138195,3.4796527306574805
1149,0.0,993.5661221010143,3.4796527306574805
1150,0.0,993.3712615480976,3.4796527306574805
1151,0.0,993.2007585642953,3.4796527306574805
1152,0.0,993.1242062042209,3.4796527306574805
1153,0.0,993.0441741914157,3.4796527306574805
1154,0.0,993.0163369695704,3.4796527306574805
1155,0.0,992.8910694712667,3.4796527306574805
1156,0.0,992.9815404422638,3.4796527306574805
1157,0.0,993.1694416897195,3.4796527306574805
1158,0.0,993.0615724550689,3.4796527306574805
1159,0.0,993.1520434260663,3.4796527306574805
1160,0.0,993.1624823842582,3.4796527306574805
1161,0.0,993.3329853680602,3.4796527306574805
1162,0.0,993.336465020791,3.4796527306574805
1163,0.0,993.5139273100543,3.4796527306574805
1164,0.0,993.5835203646676,3.4796527306574805
1165,0.0,993.4721714772867,3.4796527306574805
1166,0.0,993.3399446735216,3.4796527306574805
1167,0.0,993.2668719661777,3.4796527306574805
1168,0.0,993.5069680045932,3.4796527306574805
1169,0.0,993.5000086991319,3.4796527306574805
1170,0.0,993.4304156445188,3.4796527306574805
1171,0.0,993.0963689823757,3.4796527306574805
1172,0.0,992.7971188475391,3.4796527306574805
1173,0.0,992.5779007255077,3.4796527306574805
1174,0.0,992.7901595420777,3.4796527306574805
1175,0.0,992.6892496128886,3.4796527306574805
1176,0.0,992.3343250343617,3.4796527306574805
1177,0.0,992.1394644814447,3.4796527306574805
1178,0.0,992.2299354524419,3.4796527306574805
1179,0.0,992.3378046870922,3.4796527306574805
1180,0.0,992.4143570471666,3.4796527306574805
1181,0.0,992.5813803782382,3.4796527306574805
1182,0.0,992.8562729439602,3.4796527306574805
1183,0.0,993.0650521077996,3.4796527306574805
1184,0.0,993.0024183586479,3.4796527306574805
1185,0.0,992.9502235676881,3.4796527306574805
1186,0.0,993.040694538685,3.4796527306574805
1187,0.0,993.0650521077996,3.4796527306574805
1188,0.0,992.8701915548829,3.4796527306574805
1189,0.0,992.7692816256938,3.4796527306574805
1190,0.0,993.0580928023384,3.4796527306574805
1191,0.0,993.0580928023384,3.4796527306574805
1192,0.0,993.1068079405676,3.4796527306574805
1193,0.0,993.1207265514903,3.4796527306574805
1194,0.0,993.0615724550689,3.4796527306574805
1195,0.0,993.3503836317135,3.4796527306574805
1196,0.0,993.3643022426362,3.4796527306574805
1197,0.0,993.1624823842582,3.4796527306574805
1198,0.0,992.9989387059171,3.4796527306574805
1199,0.0,992.8040781530004,3.4796527306574805
1200,0.0,993.0024183586479,3.4796527306574805
1201,0.0,993.0998486351062,3.4796527306574805
1202,0.0,993.1276858569516,3.4796527306574805
1203,0.0,993.051133496877,3.4796527306574805
1204,0.0,992.9537032204187,3.4796527306574805
1205,0.0,992.9780607895333,3.4796527306574805
1206,0.0,993.204238217026,3.4796527306574805
1207,0.0,993.3190667571375,3.4796527306574805
1208,0.0,993.4164970335961,3.4796527306574805
1209,0.0,993.6635523774728,3.4796527306574805
1210,0.0,993.9419245959253,3.4796527306574805
1211,0.0,994.2411747307619,3.4796527306574805
1212,0.0,993.8618925831202,3.4796527306574805
1213,0.0,994.0254362614612,3.4796527306574805
1214,0.0,993.8966891104267,3.4796527306574805
1215,0.0,994.147224107034,3.4796527306574805
1216,0.0,994.2585729944152,3.4796527306574805
1217,0.0,994.3664422290655,3.4796527306574805
1218,0.0,994.1715816761487,3.4796527306574805
1219,0.0,994.5195469492145,3.4796527306574805
1220,0.0,994.7109278494007,3.4796527306574805
1221,0.0,994.8953494441255,3.4796527306574805
1222,0.0,994.8466343058963,3.4796527306574805
1223,0.0,995.003218678776,3.4796527306574805
1224,0.0,995.041494858813,3.4796527306574805
1225,0.0,994.9927797205838,3.4796527306574805
1226,0.0,995.0380152060825,3.4796527306574805
1227,0.0,994.6065382674809,3.4796527306574805
1228,0.0,994.1924595925327,3.4796527306574805
1229,0.0,994.1750613288795,3.4796527306574805
1230,0.0,994.3038084799138,3.4796527306574805
1231,0.0,993.9906397341546,3.4796527306574805
1232,0.0,993.8166570976217,3.4796527306574805
1233,0.0,994.3351253544897,3.4796527306574805
1234,0.0,994.4012387563722,3.4796527306574805
1235,0.0,994.6448144475182,3.4796527306574805
1236,0.0,994.9023087495868,3.4796527306574805
1237,0.0,994.6100179202116,3.4796527306574805
1238,0.0,994.3977591036414,3.4796527306574805
1239,0.0,994.4081980618336,3.4796527306574805
1240,0.0,994.6100179202116,3.4796527306574805
1241,0.0,994.585660351097,3.4796527306574805
1242,0.0,994.108947926997,3.4796527306574805
1243,0.0,994.1959392452633,3.4796527306574805
1244,0.0,994.0149973032692,3.4796527306574805
1245,0.0,993.7888198757765,3.4796527306574805
1246,0.0,994.0567531360372,3.4796527306574805
1247,0.0,994.4951893800999,3.4796527306574805
1248,0.0,994.474311463716,3.4796527306574805
1249,0.0,994.5682620874437,3.4796527306574805
1250,0.0,994.8361953477043,3.4796527306574805
1251,0.0,994.7805209040138,3.4796527306574805
1252,0.0,994.7457243767072,3.4796527306574805
1253,0.0,994.7422447239767,3.4796527306574805
1254,0.0,994.728326113054,3.4796527306574805
1255,0.0,994.6030586147502,3.4796527306574805
1256,0.0,994.9893000678533,3.4796527306574805
1257,0.0,995.2711519390366,3.4796527306574805
1258,0.0,995.5356055465666,3.4796527306574805
1259,0.0,995.6573933921395,3.4796527306574805
1260,0.0,995.692189919446,3.4796527306574805
1261,0.0,995.9427249160534,3.4796527306574805
1262,0.0,995.8731318614404,3.4796527306574805
1263,0.0,995.9044487360161,3.4796527306574805
1264,0.0,995.9357656105921,3.4796527306574805
1265,0.0,995.866172555979,3.4796527306574805
1266,0.0,995.7826608904431,3.4796527306574805
1267,0.0,995.8800911669015,3.4796527306574805
1268,0.0,996.0436348452424,3.4796527306574805
1269,0.0,996.1201872053168,3.4796527306574805
1270,0.0,996.1689023435462,3.4796527306574805
1271,0.0,996.3185274109644,3.4796527306574805
1272,0.0,996.3185274109644,3.4796527306574805
1273,0.0,996.3080884527725,3.4796527306574805
1274,0.0,996.2350157454287,3.4796527306574805
1275,0.0,996.2071785235835,3.4796527306574805
1276,0.0,996.0853906780103,3.4796527306574805
1277,0.0,995.9531638742453,3.4796527306574805
1278,0.0,995.7339457522139,3.4796527306574805
1279,0.0,995.6086782539103,3.4796527306574805
1280,0.0,995.5634427684117,3.4796527306574805
1281,0.0,995.6469544339476,3.4796527306574805
1282,0.0,995.6051986011797,3.4796527306574805
1283,0.0,995.6852306139847,3.4796527306574805
1284,0.0,995.6121579066411,3.4796527306574805
1285,0.0,995.7304660994834,3.4796527306574805
1286,0.0,995.7478643631366,3.4796527306574805
1287,0.0,996.0436348452424,3.4796527306574805
1288,0.0,995.744384710406,3.4796527306574805
1289,0.0,995.8035388068272,3.4796527306574805
1290,0.0,995.6365154757555,3.4796527306574805
1291,0.0,995.7652626267899,3.4796527306574805
1292,0.0,995.316387424535,3.4796527306574805
1293,0.0,995.1667623571167,3.4796527306574805
1294,0.0,995.2154774953459,3.4796527306574805
1295,0.0,995.6608730448701,3.4796527306574805
1296,0.0,995.6504340866782,3.4796527306574805
1297,0.0,995.5216869356439,3.4796527306574805
1298,0.0,995.4207770064548,3.4796527306574805
1299,0.0,995.2955095081512,3.4796527306574805
1300,0.0,995.3059484663431,3.4796527306574805
1301,0.0,995.2398350644606,3.4796527306574805
1302,0.0,995.0936896497731,3.4796527306574805
1303,0.0,995.2676722863058,3.4796527306574805
1304,0.0,995.4555735337614,3.4796527306574805
1305,0.0,995.4590531864919,3.4796527306574805
1306,0.0,995.5495241574891,3.4796527306574805
1307,0.0,995.5077683247212,3.4796527306574805
1308,0.0,995.4451345755692,3.4796527306574805
1309,0.0,995.3024688136126,3.4796527306574805
1310,0.0,995.7061085303687,3.4796527306574805
1311,0.0,995.8766115141709,3.4796527306574805
1312,0.0,995.9079283887469,3.4796527306574805
1313,0.0,995.6782713085233,3.4796527306574805
1314,0.0,995.5286462411052,3.4796527306574805
1315,0.0,995.2433147171912,3.4796527306574805
1316,0.0,995.0449745115438,3.4796527306574805
1317,0.0,995.1076082606958,3.4796527306574805
1318,0.0,995.1945995789621,3.4796527306574805
1319,0.0,995.2363554117298,3.4796527306574805
1320,0.0,995.3303060354577,3.4796527306574805
1321,0.0,995.2711519390366,3.4796527306574805
1322,0.0,995.1876402735007,3.4796527306574805
1323,0.0,995.1493640934634,3.4796527306574805
1324,0.0,995.1598030516556,3.4796527306574805
1325,0.0,995.041494858813,3.4796527306574805
1326,0.0,995.0449745115438,3.4796527306574805
1327,0.0,995.2154774953459,3.4796527306574805
1328,0.0,995.1772013153088,3.4796527306574805
1329,0.0,995.2885502026899,3.4796527306574805
1330,0.0,995.2398350644606,3.4796527306574805
1331,0.0,995.2015588844233,3.4796527306574805
1332,0.0,995.2641926335752,3.4796527306574805
1333,0.0,995.1319658298102,3.4796527306574805
1334,0.0,995.041494858813,3.4796527306574805
1335,0.0,995.173721662578,3.4796527306574805
1336,0.0,995.0971693025036,3.4796527306574805
1337,0.0,995.0902099970423,3.4796527306574805
1338,0.0,995.0971693025036,3.4796527306574805
1339,0.0,995.0066983315065,3.4796527306574805
1340,0.0,994.8257563895122,3.4796527306574805
1341,0.0,994.7352854185153,3.4796527306574805
1342,0.0,994.4569132000628,3.4796527306574805
1343,0.0,994.4290759782174,3.4796527306574805
1344,0.0,994.2237764671087,3.4796527306574805
1345,0.0,985.0374932581728,3.4796527306574805
1346,0.0,984.6234145832246,3.4796527306574805
1347,0.0,984.3624406284251,3.4796527306574805
1348,0.0,983.3881378638412,3.4796527306574805
1349,0.0,983.1480418254259,3.4796527306574805
1350,0.0,983.3185448092281,3.4796527306574805
1351,0.0,983.2698296709989,3.4796527306574805
1352,0.0,983.2211145327697,3.4796527306574805
1353,0.0,982.740922455939,3.4796527306574805
1354,0.0,982.7200445395551,3.4796527306574805
1355,0.0,982.3790385719504,3.4796527306574805
1356,0.0,982.0937070480368,3.4796527306574805
1357,0.0,981.9058058005811,3.4796527306574805
1358,0.0,981.5474015693234,3.4796527306574805
1359,0.0,981.8048958713921,3.4796527306574805
1360,0.0,980.8445117177306,3.4796527306574805
1361,0.0,981.0706891452234,3.4796527306574805
1362,0.0,981.8083755241227,3.4796527306574805
1363,0.0,982.2433321154548,3.4796527306574805
1364,0.0,982.1876576717642,3.4796527306574805
1365,0.0,981.1124449779912,3.4796527306574805
1366,0.0,980.5800581102008,3.4796527306574805
1367,0.0,980.8305931068079,3.4796527306574805
1368,0.0,981.0602501870314,3.4796527306574805
1369,0.0,981.2446717817562,3.4796527306574805
1370,0.0,980.9106251196131,3.4796527306574805
1371,0.0,980.5626598465475,3.4796527306574805
1372,0.0,980.973258868765,3.4796527306574805
1373,0.0,981.4778085147103,3.4796527306574805
1374,0.0,981.3664596273292,3.4796527306574805
1375,0.0,981.4638899037876,3.4796527306574805
1376,0.0,981.8570906623519,3.4796527306574805
1377,0.0,981.989317466117,3.4796527306574805
1378,0.0,982.7548410668617,3.4796527306574805
1379,0.0,982.3512013501053,3.4796527306574805
1380,0.0,982.1006663534979,3.4796527306574805
1381,0.0,981.8884075369278,3.4796527306574805
1382,0.0,981.5961167075526,3.4796527306574805
1383,0.0,981.3629799745986,3.4796527306574805
1384,0.0,980.8758285923066,3.4796527306574805
1385,0.0,980.8027558849627,3.4796527306574805
1386,0.0,980.9906571324183,3.4796527306574805
1387,0.0,981.5300033056701,3.4796527306574805
1388,0.0,981.0602501870314,3.4796527306574805
1389,0.0,981.0463315761087,3.4796527306574805
1390,0.0,981.4952067783636,3.4796527306574805
1391,0.0,981.164639768951,3.4796527306574805
1392,0.0,980.9871774796875,3.4796527306574805
1393,0.0,980.6009360265846,3.4796527306574805
1394,0.0,980.597456373854,3.4796527306574805
1395,0.0,980.6392122066217,3.4796527306574805
1396,0.0,980.5000260973956,3.4796527306574805
1397,0.0,979.845851384032,3.4796527306574805
1398,0.0,979.9780781877968,3.4796527306574805
1399,0.0,980.566139499278,3.4796527306574805
1400,0.0,980.413034779129,3.4796527306574805
1401,0.0,980.1868573516363,3.4796527306574805
1402,0.0,980.8097151904241,3.4796527306574805
1403,0.0,981.8014162186613,3.4796527306574805
1404,0.0,982.0763087843835,3.4796527306574805
1405,0.0,981.815334829584,3.4796527306574805
1406,0.0,982.1041460062287,3.4796527306574805
1407,0.0,982.3512013501053,3.4796527306574805
1408,0.0,982.7618003723228,3.4796527306574805
1409,0.0,982.8453120378585,3.4796527306574805
1410,0.0,982.8487916905892,3.4796527306574805
1411,0.0,982.6330532212886,3.4796527306574805
1412,0.0,982.577378777598,3.4796527306574805
1413,0.0,982.2259338518015,3.4796527306574805
1414,0.0,982.6817683595178,3.4796527306574805
1415,0.0,983.391617516572,3.4796527306574805
1416,0.0,982.6400125267497,3.4796527306574805
1417,0.0,983.0018964107383,3.4796527306574805
1418,0.0,983.2976668928441,3.4796527306574805
1419,0.0,982.9670998834317,3.4796527306574805
1420,0.0,982.7826782887068,3.4796527306574805
1421,0.0,983.2872279346522,3.4796527306574805
1422,0.0,982.6922073177097,3.4796527306574805
1423,0.0,982.6017363467126,3.4796527306574805
1424,0.0,982.9253440506639,3.4796527306574805
1425,0.0,982.9288237033945,3.4796527306574805
1426,0.0,983.2941872401135,3.4796527306574805
1427,0.0,983.2767889764602,3.4796527306574805
1428,0.0,983.9240043843624,3.4796527306574805
1429,0.0,984.0736294517807,3.4796527306574805
1430,0.0,984.1814986864312,3.4796527306574805
1431,0.0,983.9031264679786,3.4796527306574805
1432,0.0,983.6699897350245,3.4796527306574805
1433,0.0,983.4090157802252,3.4796527306574805
1434,0.0,983.4020564747639,3.4796527306574805
1435,0.0,983.0680098126207,3.4796527306574805
1436,0.0,982.7444021086695,3.4796527306574805
1437,0.0,982.1528611444577,3.4796527306574805
1438,0.0,982.1424221862658,3.4796527306574805
1439,0.0,982.2294135045323,3.4796527306574805
1440,0.0,981.9614802442716,3.4796527306574805
1441,0.0,981.623953929398,3.4796527306574805
1442,0.0,982.1006663534979,3.4796527306574805
1443,0.0,982.3790385719504,3.4796527306574805
1444,0.0,982.4068757937958,3.4796527306574805
1445,0.0,982.2015762826869,3.4796527306574805
1446,0.0,981.7666196913548,3.4796527306574805
1447,0.0,981.3490613636759,3.4796527306574805
1448,0.0,981.1715990744124,3.4796527306574805
1449,0.0,980.9836978269569,3.4796527306574805
1450,0.0,981.1124449779912,3.4796527306574805
1451,0.0,981.0811281034153,3.4796527306574805
1452,0.0,981.3942968491746,3.4796527306574805
1453,0.0,981.5961167075526,3.4796527306574805
1454,0.0,981.784017955008,3.4796527306574805
1455,0.0,981.7979365659307,3.4796527306574805
1456,0.0,981.571759138438,3.4796527306574805
1457,0.0,981.0915670616072,3.4796527306574805
1458,0.0,981.0115350488021,3.4796527306574805
1459,0.0,981.4047358073665,3.4796527306574805
1460,0.0,981.9927971188475,3.4796527306574805
1461,0.0,982.810515510552,3.4796527306574805
1462,0.0,982.4312333629105,3.4796527306574805
1463,0.0,982.1980966299564,3.4796527306574805
1464,0.0,981.8431720514294,3.4796527306574805
1465,0.0,981.7492214277015,3.4796527306574805
1466,0.0,981.6552708039737,3.4796527306574805
1467,0.0,982.3233641282601,3.4796527306574805
1468,0.0,981.958000591541,3.4796527306574805
1469,0.0,981.439532334673,3.4796527306574805
1470,0.0,981.3977765019051,3.4796527306574805
1471,0.0,980.851471023192,3.4796527306574805
1472,0.0,980.8758285923066,3.4796527306574805
1473,0.0,980.9175844250744,3.4796527306574805
1474,0.0,981.4290933764811,3.4796527306574805
1475,0.0,981.227273518103,3.4796527306574805
1476,0.0,980.7992762322322,3.4796527306574805
1477,0.0,980.7610000521948,3.4796527306574805
1478,0.0,980.900186161421,3.4796527306574805
1479,0.0,980.9280233832663,3.4796527306574805
1480,0.0,980.8375524122692,3.4796527306574805
1481,0.0,980.5104650555875,3.4796527306574805
1482,0.0,980.7644797049255,3.4796527306574805
1483,0.0,980.7018459557736,3.4796527306574805
1484,0.0,980.7296831776189,3.4796527306574805
1485,0.0,980.7783983158481,3.4796527306574805
1486,0.0,981.1124449779912,3.4796527306574805
1487,0.0,980.6914069975817,3.4796527306574805
1488,0.0,980.2877672808255,3.4796527306574805
1489,0.0,979.7379821493815,3.4796527306574805
1490,0.0,979.459609930929,3.4796527306574805
1491,0.0,978.930702715869,3.4796527306574805
1492,0.0,978.9446213267917,3.4796527306574805
1493,0.0,978.8297927866798,3.4796527306574805
1494,0.0,978.756720079336,3.4796527306574805
1495,0.0,979.0629295196339,3.4796527306574805
1496,0.0,979.2369121561669,3.4796527306574805
1497,0.0,979.2125545870523,3.4796527306574805
1498,0.0,979.1360022269778,3.4796527306574805
1499,0.0,979.257790072551,3.4796527306574805
1500,0.0,979.153400490631,3.4796527306574805
1501,0.0,979.5535605546568,3.4796527306574805
1502,0.0,979.2369121561669,3.4796527306574805
1503,0.0,980.2251335316736,3.4796527306574805
1504,0.0,979.550080901926,3.4796527306574805
1505,0.0,979.1394818797083,3.4796527306574805
1506,0.0,979.57095881831,3.4796527306574805
1507,0.0,979.2751883362042,3.4796527306574805
1508,0.0,979.7797379821494,3.4796527306574805
1509,0.0,979.6440315256539,3.4796527306574805
1510,0.0,979.2334325034362,3.4796527306574805
1511,0.0,979.0211736868661,3.4796527306574805
1512,0.0,978.8228334812187,3.4796527306574805
1513,0.0,978.5514205682273,3.4796527306574805
1514,0.0,978.9863771595595,3.4796527306574805
1515,0.0,978.6384118864937,3.4796527306574805
1516,0.0,978.4261530699237,3.4796527306574805
1517,0.0,978.363519320772,3.4796527306574805
1518,0.0,978.7045252883762,3.4796527306574805
1519,0.0,978.5792577900727,3.4796527306574805
1520,0.0,978.9863771595595,3.4796527306574805
1521,0.0,978.982897506829,3.4796527306574805
1522,0.0,979.1881970179377,3.4796527306574805
1523,0.0,979.1707987542843,3.4796527306574805
1524,0.0,979.2647493780121,3.4796527306574805
1525,0.0,979.4909268055048,3.4796527306574805
1526,0.0,979.2021156288603,3.4796527306574805
1527,0.0,979.0316126450582,3.4796527306574805
1528,0.0,979.0629295196339,3.4796527306574805
1529,0.0,979.1012056996713,3.4796527306574805
1530,0.0,979.1360022269778,3.4796527306574805
1531,0.0,979.1186039633245,3.4796527306574805
1532,0.0,978.930702715869,3.4796527306574805
1533,0.0,978.6592898028778,3.4796527306574805
1534,0.0,979.1568801433616,3.4796527306574805
1535,0.0,979.4039354872384,3.4796527306574805
1536,0.0,979.5083250691581,3.4796527306574805
1537,0.0,979.703185622075,3.4796527306574805
1538,0.0,979.407415139969,3.4796527306574805
1539,0.0,979.2195138925136,3.4796527306574805
1540,0.0,979.57095881831,3.4796527306574805
1541,0.0,979.1186039633245,3.4796527306574805
1542,0.0,979.2021156288603,3.4796527306574805
1543,0.0,978.9133044522157,3.4796527306574805
1544,0.0,979.0316126450582,3.4796527306574805
1545,0.0,978.8541503557944,3.4796527306574805
1546,0.0,978.5096647354594,3.4796527306574805
1547,0.0,977.862449327557,3.4796527306574805
1548,0.0,977.6049550254885,3.4796527306574805
1549,0.0,977.5597195399898,3.4796527306574805
1550,0.0,977.9807575203996,3.4796527306574805
1551,0.0,977.883327243941,3.4796527306574805
1552,0.0,977.7615393983682,3.4796527306574805
1553,0.0,977.5597195399898,3.4796527306574805
1554,0.0,977.5736381509125,3.4796527306574805
1555,0.0,977.0656088522367,3.4796527306574805
1556,0.0,977.0795274631593,3.4796527306574805
1557,0.0,977.5840771091044,3.4796527306574805
1558,0.0,977.4866468326462,3.4796527306574805
1559,0.0,977.6362719000643,3.4796527306574805
1560,0.0,978.0399116168207,3.4796527306574805
1561,0.0,978.0816674495886,3.4796527306574805
1562,0.0,978.2904466134279,3.4796527306574805
1563,0.0,978.0921064077805,3.4796527306574805
1564,0.0,978.1338622405484,3.4796527306574805
1565,0.0,978.0816674495886,3.4796527306574805
1566,0.0,977.7684987038293,3.4796527306574805
1567,0.0,977.6432312055257,3.4796527306574805
1568,0.0,977.650190510987,3.4796527306574805
1569,0.0,977.4553299580703,3.4796527306574805
1570,0.0,977.3613793343425,3.4796527306574805
1571,0.0,977.3892165561878,3.4796527306574805
1572,0.0,977.4274927362248,3.4796527306574805
1573,0.0,977.7684987038293,3.4796527306574805
1574,0.0,977.5736381509125,3.4796527306574805
1575,0.0,977.4414113471476,3.4796527306574805
1576,0.0,977.681507385563,3.4796527306574805
1577,0.0,977.469248568993,3.4796527306574805
1578,0.0,977.8763679384797,3.4796527306574805
1579,0.0,978.1686587678549,3.4796527306574805
1580,0.0,978.3461210571187,3.4796527306574805
1581,0.0,979.0002957704822,3.4796527306574805
1582,0.0,979.1186039633245,3.4796527306574805
1583,0.0,979.3969761817771,3.4796527306574805
1584,0.0,978.9063451467543,3.4796527306574805
1585,0.0,978.8054352175654,3.4796527306574805
1586,0.0,979.0385719505193,3.4796527306574805
1587,0.0,978.6523304974164,3.4796527306574805
1588,0.0,978.7010456356456,3.4796527306574805
1589,0.0,978.8819875776397,3.4796527306574805
1590,0.0,978.9968161177515,3.4796527306574805
1591,0.0,978.8854672303704,3.4796527306574805
1592,0.0,978.6036153591872,3.4796527306574805
1593,0.0,978.9063451467543,3.4796527306574805
1594,0.0,979.1360022269778,3.4796527306574805
1595,0.0,979.428293056353,3.4796527306574805
1596,0.0,979.1290429215164,3.4796527306574805
1597,0.0,979.0594498669034,3.4796527306574805
1598,0.0,979.1881970179377,3.4796527306574805
1599,0.0,979.3308627798946,3.4796527306574805
1600,0.0,979.0872870887486,3.4796527306574805
1601,0.0,978.6592898028778,3.4796527306574805
1602,0.0,978.5827374428032,3.4796527306574805
1603,0.0,978.4713885554221,3.4796527306574805
1604,0.0,978.2486907806601,3.4796527306574805
1605,0.0,978.0642691859351,3.4796527306574805
1606,0.0,977.9807575203996,3.4796527306574805
1607,0.0,978.332202446196,3.4796527306574805
1608,0.0,977.9250830767089,3.4796527306574805
1609,0.0,978.0503505750127,3.4796527306574805
1610,0.0,978.1790977260471,3.4796527306574805
1611,0.0,977.9911964785915,3.4796527306574805
1612,0.0,978.4783478608834,3.4796527306574805
1613,0.0,978.5201036936513,3.4796527306574805
1614,0.0,978.5375019573046,3.4796527306574805
1615,0.0,978.5583798736886,3.4796527306574805
1616,0.0,978.5375019573046,3.4796527306574805
1617,0.0,978.8889468831011,3.4796527306574805
1618,0.0,978.4609495972302,3.4796527306574805
1619,0.0,978.0607895332046,3.4796527306574805
1620,0.0,978.1512605042017,3.4796527306574805
1621,0.0,977.9007255075943,3.4796527306574805
1622,0.0,977.8067748838666,3.4796527306574805
1623,0.0,977.6362719000643,3.4796527306574805
1624,0.0,977.5353619708754,3.4796527306574805
1625,0.0,977.4796875271849,3.4796527306574805
1626,0.0,977.2569897524227,3.4796527306574805
1627,0.0,977.2187135723854,3.4796527306574805
1628,0.0,977.1247629486577,3.4796527306574805
1629,0.0,977.6188736364111,3.4796527306574805
1630,0.0,977.5527602345287,3.4796527306574805
1631,0.0,977.8032952311358,3.4796527306574805
1632,0.0,977.8241731475199,3.4796527306574805
1633,0.0,977.9494406458235,3.4796527306574805
1634,0.0,978.1234232823565,3.4796527306574805
1635,0.0,978.2382518224681,3.4796527306574805
1636,0.0,978.4957461245367,3.4796527306574805
1637,0.0,978.808914870296,3.4796527306574805
1638,0.0,978.72540320476,3.4796527306574805
1639,0.0,978.6697287610697,3.4796527306574805
1640,0.0,978.3983158480785,3.4796527306574805
1641,0.0,978.3496007098493,3.4796527306574805
1642,0.0,978.1129843241646,3.4796527306574805
1643,0.0,978.0538302277432,3.4796527306574805
1644,0.0,977.660629469179,3.4796527306574805
1645,0.0,977.5805974563739,3.4796527306574805
1646,0.0,977.5527602345287,3.4796527306574805
1647,0.0,977.5979957200271,3.4796527306574805
1648,0.0,977.9598796040156,3.4796527306574805
1649,0.0,978.1756180733163,3.4796527306574805
1650,0.0,978.3739582789639,3.4796527306574805
1651,0.0,977.712824260139,3.4796527306574805
1652,0.0,977.5666788454512,3.4796527306574805
1653,0.0,977.6641091219097,3.4796527306574805
1654,0.0,977.2987455851905,3.4796527306574805
1655,0.0,977.5666788454512,3.4796527306574805
1656,0.0,976.989056492162,3.4796527306574805
1657,0.0,976.5993353863286,3.4796527306574805
1658,0.0,976.7280825373629,3.4796527306574805
1659,0.0,976.6689284409416,3.4796527306574805
1660,0.0,976.7907162865146,3.4796527306574805
1661,0.0,977.0795274631593,3.4796527306574805
1662,0.0,977.2187135723854,3.4796527306574805
1663,0.0,977.1456408650417,3.4796527306574805
1664,0.0,976.9229430902795,3.4796527306574805
1665,0.0,977.051690241314,3.4796527306574805
1666,0.0,976.8846669102425,3.4796527306574805
1667,0.0,977.1352019068498,3.4796527306574805
1668,0.0,976.6932860100562,3.4796527306574805
1669,0.0,977.1839170450788,3.4796527306574805
1670,0.0,976.9925361448927,3.4796527306574805
1671,0.0,977.0482105885833,3.4796527306574805
1672,0.0,976.9716582285088,3.4796527306574805
1673,0.0,977.1595594759642,3.4796527306574805
1674,0.0,977.469248568993,3.4796527306574805
1675,0.0,977.1943560032707,3.4796527306574805
1676,0.0,976.9542599648555,3.4796527306574805
1677,0.0,976.9090244793571,3.4796527306574805
1678,0.0,976.5088644153315,3.4796527306574805
1679,0.0,976.9542599648555,3.4796527306574805
1680,0.0,977.1386815595804,3.4796527306574805
1681,0.0,977.0064547558153,3.4796527306574805
1682,0.0,976.8150738556292,3.4796527306574805
1683,0.0,976.8324721192827,3.4796527306574805
1684,0.0,976.9786175339701,3.4796527306574805
1685,0.0,977.406614819841,3.4796527306574805
1686,0.0,977.5562398872593,3.4796527306574805
1687,0.0,977.1804373923483,3.4796527306574805
1688,0.0,977.6119143309497,3.4796527306574805
1689,0.0,977.6884666910244,3.4796527306574805
1690,0.0,977.6327922473337,3.4796527306574805
1691,0.0,977.9772778676688,3.4796527306574805
1692,0.0,978.5827374428032,3.4796527306574805
1693,0.0,979.0455312559807,3.4796527306574805
1694,0.0,978.9133044522157,3.4796527306574805
1695,0.0,979.5535605546568,3.4796527306574805
1696,0.0,980.6252935956992,3.4796527306574805
1697,0.0,980.3608399881691,3.4796527306574805
1698,0.0,980.3643196408999,3.4796527306574805
1699,0.0,980.0755084642552,3.4796527306574805
1700,0.0,979.9780781877968,3.4796527306574805
1701,0.0,980.3608399881691,3.4796527306574805
1702,0.0,981.3803782382519,3.4796527306574805
1703,0.0,982.11110531169,3.4796527306574805
1704,0.0,981.6309132348591,3.4796527306574805
1705,0.0,981.2446717817562,3.4796527306574805
1706,0.0,981.7944569132002,3.4796527306574805
1707,0.0,982.0484715625381,3.4796527306574805
1708,0.0,981.9510412860797,3.4796527306574805
1709,0.0,982.0693494789222,3.4796527306574805
1710,0.0,981.7979365659307,3.4796527306574805
1711,0.0,981.9058058005811,3.4796527306574805
1712,0.0,981.9719192024636,3.4796527306574805
1713,0.0,981.8849278841973,3.4796527306574805
1714,0.0,981.3386224054839,3.4796527306574805
1715,0.0,980.7436017885416,3.4796527306574805
1716,0.0,980.2042556152895,3.4796527306574805
1717,0.0,980.3156045026707,3.4796527306574805
1718,0.0,979.7692990239574,3.4796527306574805
1719,0.0,979.5431215964646,3.4796527306574805
1720,0.0,980.0441915896793,3.4796527306574805
1721,0.0,979.5918367346939,3.4796527306574805
1722,0.0,979.1673191015536,3.4796527306574805
1723,0.0,980.2634097117107,3.4796527306574805
1724,0.0,979.9119647859145,3.4796527306574805
1725,0.0,979.7066652748056,3.4796527306574805
1726,0.0,979.8876072167999,3.4796527306574805
1727,0.0,980.3956365154758,3.4796527306574805
1728,0.0,980.9384623414583,3.4796527306574805
1729,0.0,981.2759886563322,3.4796527306574805
1730,0.0,981.6691894148964,3.4796527306574805
1731,0.0,981.216834559911,3.4796527306574805
1732,0.0,981.6343928875899,3.4796527306574805
1733,0.0,981.7874976077388,3.4796527306574805
1734,0.0,982.1667797553804,3.4796527306574805
1735,0.0,987.8699305809281,3.4796527306574805
1736,0.0,987.8420933590827,3.4796527306574805
1737,0.0,988.0369539119996,3.4796527306574805
1738,0.0,988.40927675418,3.4796527306574805
1739,0.0,988.3188057831829,3.4796527306574805
1740,0.0,988.631974528942,3.4796527306574805
1741,0.0,988.805957165475,3.4796527306574805
1742,0.0,988.3118464777216,3.4796527306574805
1743,0.0,988.1900586321485,3.4796527306574805
1744,0.0,988.0717504393061,3.4796527306574805
1745,0.0,987.9047271082346,3.4796527306574805
1746,0.0,987.8212154426989,3.4796527306574805
1747,0.0,988.0856690502288,3.4796527306574805
1748,0.0,988.3327243941054,3.4796527306574805
1749,0.0,988.1169859248048,3.4796527306574805
1750,0.0,988.0369539119996,3.4796527306574805
1751,0.0,987.5115263496704,3.4796527306574805
1752,0.0,987.4454129477878,3.4796527306574805
1753,0.0,987.292308227639,3.4796527306574805
1754,0.0,986.5824590705847,3.4796527306574805
1755,0.0,986.7042469161579,3.4796527306574805
1756,0.0,987.0034970509943,3.4796527306574805
1757,0.0,987.0417732310316,3.4796527306574805
1758,0.0,987.2261948257565,3.4796527306574805
1759,0.0,986.6450928197368,3.4796527306574805
1760,0.0,986.5441828905474,3.4796527306574805
1761,0.0,986.3214851157855,3.4796527306574805
1762,0.0,986.7529620543869,3.4796527306574805
1763,0.0,986.9617412182264,3.4796527306574805
1764,0.0,986.8260347617307,3.4796527306574805
1765,0.0,986.9478226073039,3.4796527306574805
1766,0.0,987.281869269447,3.4796527306574805
1767,0.0,987.1670407293352,3.4796527306574805
1768,0.0,987.2783896167165,3.4796527306574805
1769,0.0,987.4767298223637,3.4796527306574805
1770,0.0,987.2540320476016,3.4796527306574805
1771,0.0,986.9478226073039,3.4796527306574805
1772,0.0,986.6555317779287,3.4796527306574805
1773,0.0,986.5128660159717,3.4796527306574805
1774,0.0,986.4223950449746,3.4796527306574805
1775,0.0,986.0500722027941,3.4796527306574805
1776,0.0,986.3214851157855,3.4796527306574805
1777,0.0,986.3528019903613,3.4796527306574805
1778,0.0,986.3214851157855,3.4796527306574805
1779,0.0,986.39803747586,3.4796527306574805
1780,0.0,986.3736799067453,3.4796527306574805
1781,0.0,986.6276945560834,3.4796527306574805
1782,0.0,986.6938079579658,3.4796527306574805
1783,0.0,986.6798893470433,3.4796527306574805
1784,0.0,986.9304243436505,3.4796527306574805
1785,0.0,986.6694503888514,3.4796527306574805
1786,0.0,986.5963776815074,3.4796527306574805
1787,0.0,986.6798893470433,3.4796527306574805
1788,0.0,986.6555317779287,3.4796527306574805
1789,0.0,986.5859387233154,3.4796527306574805
1790,0.0,986.3702002540148,3.4796527306574805
1791,0.0,986.1266245628685,3.4796527306574805
1792,0.0,986.1022669937539,3.4796527306574805
1793,0.0,985.8378133862241,3.4796527306574805
1794,0.0,985.2915079075109,3.4796527306574805
1795,0.0,985.0026967308662,3.4796527306574805
1796,0.0,985.2358334638203,3.4796527306574805
1797,0.0,985.3889381839692,3.4796527306574805
1798,0.0,985.3784992257773,3.4796527306574805
1799,0.0,985.5350835986569,3.4796527306574805
1800,0.0,985.0026967308662,3.4796527306574805
1801,0.0,984.9574612453678,3.4796527306574805
1802,0.0,985.1627607564765,3.4796527306574805
1803,0.0,985.5698801259634,3.4796527306574805
1804,0.0,985.5629208205021,3.4796527306574805
1805,0.0,985.371539920316,3.4796527306574805
1806,0.0,985.2079962419751,3.4796527306574805
1807,0.0,984.8635106216401,3.4796527306574805
1808,0.0,984.9922577726743,3.4796527306574805
1809,0.0,984.8983071489466,3.4796527306574805
1810,0.0,985.1210049237088,3.4796527306574805
1811,0.0,985.2045165892443,3.4796527306574805
1812,0.0,984.6408128468779,3.4796527306574805
1813,0.0,984.5190250013048,3.4796527306574805
1814,0.0,983.9831584807836,3.4796527306574805
1815,0.0,983.8996468152478,3.4796527306574805
1816,0.0,983.6456321659099,3.4796527306574805
1817,0.0,983.8404927188267,3.4796527306574805
1818,0.0,983.1097656453886,3.4796527306574805
1819,0.0,982.6226142630965,3.4796527306574805
1820,0.0,982.7791986359761,3.4796527306574805
1821,0.0,982.7200445395551,3.4796527306574805
1822,0.0,982.6817683595178,3.4796527306574805
1823,0.0,982.6956869704405,3.4796527306574805
1824,0.0,982.466029890217,3.4796527306574805
1825,0.0,982.7652800250536,3.4796527306574805
1826,0.0,982.841832385128,3.4796527306574805
1827,0.0,983.0192946743915,3.4796527306574805
1828,0.0,983.0888877290046,3.4796527306574805
1829,0.0,982.8487916905892,3.4796527306574805
1830,0.0,983.2419924491537,3.4796527306574805
1831,0.0,983.2941872401135,3.4796527306574805
1832,0.0,983.2211145327697,3.4796527306574805
1833,0.0,982.9183847452025,3.4796527306574805
1834,0.0,982.3685996137585,3.4796527306574805
1835,0.0,982.1424221862658,3.4796527306574805
1836,0.0,981.9719192024636,3.4796527306574805
1837,0.0,982.0275936461543,3.4796527306574805
1838,0.0,982.1946169772256,3.4796527306574805
1839,0.0,982.2816082954921,3.4796527306574805
1840,0.0,982.365119961028,3.4796527306574805
1841,0.0,982.0067157297702,3.4796527306574805
1842,0.0,981.7666196913548,3.4796527306574805
1843,0.0,982.0937070480368,3.4796527306574805
1844,0.0,982.090227395306,3.4796527306574805
1845,0.0,981.9092854533117,3.4796527306574805
1846,0.0,982.3198844755294,3.4796527306574805
1847,0.0,982.5738991248674,3.4796527306574805
1848,0.0,982.9636202307012,3.4796527306574805
1849,0.0,983.0297336325834,3.4796527306574805
1850,0.0,982.7026462759017,3.4796527306574805
1851,0.0,982.4277537101797,3.4796527306574805
1852,0.0,982.222454199071,3.4796527306574805
1853,0.0,982.3790385719504,3.4796527306574805
1854,0.0,982.3790385719504,3.4796527306574805
1855,0.0,982.8522713433199,3.4796527306574805
1856,0.0,983.0227743271221,3.4796527306574805
1857,0.0,982.9288237033945,3.4796527306574805
1858,0.0,983.2245941855003,3.4796527306574805
1859,0.0,983.3568209892654,3.4796527306574805
1860,0.0,983.5168850148755,3.4796527306574805
1861,0.0,983.7535014005603,3.4796527306574805
1862,0.0,983.8683299406721,3.4796527306574805
1863,0.0,983.7395827896376,3.4796527306574805
1864,0.0,983.8300537606348,3.4796527306574805
1865,0.0,983.6978269568697,3.4796527306574805
1866,0.0,983.5690798058355,3.4796527306574805
1867,0.0,983.7604607060216,3.4796527306574805
1868,0.0,983.6177949440647,3.4796527306574805
1869,0.0,983.767420011483,3.4796527306574805
1870,0.0,983.9692398698611,3.4796527306574805
1871,0.0,983.8926875097865,3.4796527306574805
1872,0.0,983.8613706352107,3.4796527306574805
1873,0.0,983.9379229952851,3.4796527306574805
1874,0.0,984.0875480627034,3.4796527306574805
1875,0.0,984.0736294517807,3.4796527306574805
1876,0.0,984.0666701463193,3.4796527306574805
1877,0.0,984.1954172973539,3.4796527306574805
1878,0.0,984.2824086156202,3.4796527306574805
1879,0.0,984.2615306992363,3.4796527306574805
1880,0.0,984.2371731301217,3.4796527306574805
1881,0.0,984.2441324355831,3.4796527306574805
1882,0.0,983.948361953477,3.4796527306574805
1883,0.0,983.9379229952851,3.4796527306574805
1884,0.0,983.9205247316319,3.4796527306574805
1885,0.0,983.5760391112968,3.4796527306574805
1886,0.0,983.4055361274944,3.4796527306574805
1887,0.0,983.7813386224054,3.4796527306574805
1888,0.0,983.9935974389757,3.4796527306574805
1889,0.0,984.3833185448092,3.4796527306574805
1890,0.0,984.3867981975397,3.4796527306574805
1891,0.0,984.4494319466918,3.4796527306574805
1892,0.0,984.1571411173165,3.4796527306574805
1893,0.0,984.1432225063938,3.4796527306574805
1894,0.0,984.1397428536633,3.4796527306574805
1895,0.0,984.1571411173165,3.4796527306574805
1896,0.0,983.7535014005603,3.4796527306574805
1897,0.0,983.5447222367209,3.4796527306574805
1898,0.0,983.5168850148755,3.4796527306574805
1899,0.0,983.9205247316319,3.4796527306574805
1900,0.0,983.9901177862449,3.4796527306574805
1901,0.0,983.9344433425543,3.4796527306574805
1902,0.0,983.6943473041391,3.4796527306574805
1903,0.0,983.2802686291908,3.4796527306574805
1904,0.0,983.4960070984915,3.4796527306574805
1905,0.0,983.9657602171303,3.4796527306574805
1906,0.0,984.0945073681647,3.4796527306574805
1907,0.0,984.0423125772049,3.4796527306574805
1908,0.0,984.2476120883136,3.4796527306574805
1909,0.0,984.4181150721158,3.4796527306574805
1910,0.0,984.4041964611932,3.4796527306574805
1911,0.0,984.3693999338865,3.4796527306574805
1912,0.0,984.3450423647719,3.4796527306574805
1913,0.0,984.6129756250325,3.4796527306574805
1914,0.0,984.7173652069523,3.4796527306574805
1915,0.0,984.9331036762532,3.4796527306574805
1916,0.0,985.1036066600554,3.4796527306574805
1917,0.0,985.3193451293561,3.4796527306574805
1918,0.0,985.5420429041183,3.4796527306574805
1919,0.0,985.3437026984707,3.4796527306574805
1920,0.0,985.4202550585452,3.4796527306574805
1921,0.0,985.3471823512015,3.4796527306574805
1922,0.0,985.4272143640065,3.4796527306574805
1923,0.0,985.5698801259634,3.4796527306574805
1924,0.0,985.6394731805765,3.4796527306574805
1925,0.0,985.8412930389546,3.4796527306574805
1926,0.0,985.6185952641927,3.4796527306574805
1927,0.0,985.6499121387685,3.4796527306574805
1928,0.0,985.7508220679578,3.4796527306574805
1929,0.0,985.6916679715364,3.4796527306574805
1930,0.0,985.8099761643789,3.4796527306574805
1931,0.0,985.7438627624964,3.4796527306574805
1932,0.0,985.7299441515737,3.4796527306574805
1933,0.0,985.6707900551526,3.4796527306574805
1934,0.0,985.3958974894306,3.4796527306574805
1935,0.0,985.371539920316,3.4796527306574805
1936,0.0,985.3123858238947,3.4796527306574805
1937,0.0,985.4968074186196,3.4796527306574805
1938,0.0,985.2636706856655,3.4796527306574805
1939,0.0,985.4515719331212,3.4796527306574805
1940,0.0,985.5072463768117,3.4796527306574805
1941,0.0,985.4028567948919,3.4796527306574805
1942,0.0,985.6812290133445,3.4796527306574805
1943,0.0,985.8308540807627,3.4796527306574805
1944,0.0,985.8865285244533,3.4796527306574805
1945,0.0,986.255371713903,3.4796527306574805
1946,0.0,986.3180054630548,3.4796527306574805
1947,0.0,986.1370635210607,3.4796527306574805
1948,0.0,985.848252344416,3.4796527306574805
1949,0.0,985.6986272769977,3.4796527306574805
1950,0.0,985.5768394314248,3.4796527306574805
1951,0.0,985.6185952641927,3.4796527306574805
1952,0.0,985.9143657462985,3.4796527306574805
1953,0.0,985.8204151225708,3.4796527306574805
1954,0.0,985.7508220679578,3.4796527306574805
1955,0.0,985.4968074186196,3.4796527306574805
1956,0.0,985.5316039459263,3.4796527306574805
1957,0.0,985.3089061711642,3.4796527306574805
1958,0.0,985.1453624928232,3.4796527306574805
1959,0.0,985.2497520747428,3.4796527306574805
1960,0.0,985.4828888076969,3.4796527306574805
1961,0.0,985.441132974929,3.4796527306574805
1962,0.0,985.4376533221985,3.4796527306574805
1963,0.0,985.3993771421614,3.4796527306574805
1964,0.0,985.472449849505,3.4796527306574805
1965,0.0,985.524644640465,3.4796527306574805
1966,0.0,985.7403831097658,3.4796527306574805
1967,0.0,985.7508220679578,3.4796527306574805
1968,0.0,985.2323538110895,3.4796527306574805
1969,0.0,985.1662404092073,3.4796527306574805
1970,0.0,985.2253945056284,3.4796527306574805
1971,0.0,985.0722897854795,3.4796527306574805
1972,0.0,984.9017868016772,3.4796527306574805
1973,0.0,984.8495920107174,3.4796527306574805
1974,0.0,984.8774292325626,3.4796527306574805
1975,0.0,985.1105659655167,3.4796527306574805
1976,0.0,984.9261443707918,3.4796527306574805
1977,0.0,984.9087461071385,3.4796527306574805
1978,0.0,984.9400629817145,3.4796527306574805
1979,0.0,985.1105659655167,3.4796527306574805
1980,0.0,984.9505019399064,3.4796527306574805
1981,0.0,984.8843885380239,3.4796527306574805
1982,0.0,985.0026967308662,3.4796527306574805
1983,0.0,985.2010369365138,3.4796527306574805
1984,0.0,985.1801590201297,3.4796527306574805
1985,0.0,985.2149555474363,3.4796527306574805
1986,0.0,985.1523217982846,3.4796527306574805
1987,0.0,985.2010369365138,3.4796527306574805
1988,0.0,985.2984672129722,3.4796527306574805
1989,0.0,985.5455225568488,3.4796527306574805
1990,0.0,985.625554569654,3.4796527306574805
1991,0.0,985.6081563060008,3.4796527306574805
1992,0.0,985.6603510969605,3.4796527306574805
1993,0.0,985.60467665327,3.4796527306574805
1994,0.0,985.6673104024218,3.4796527306574805
1995,0.0,985.6464324860378,3.4796527306574805
1996,0.0,985.8099761643789,3.4796527306574805
1997,0.0,986.1022669937539,3.4796527306574805
1998,0.0,986.1092262992153,3.4796527306574805
1999,0.0,985.9248047044904,3.4796527306574805
2000,0.0,985.5629208205021,3.4796527306574805
2001,0.0,985.2915079075109,3.4796527306574805
2002,0.0,985.1871183255911,3.4796527306574805
2003,0.0,985.0688101327488,3.4796527306574805
2004,0.0,985.0722897854795,3.4796527306574805
2005,0.0,985.1349235346313,3.4796527306574805
2006,0.0,984.9713798562902,3.4796527306574805
2007,0.0,984.7695599979122,3.4796527306574805
2008,0.0,984.6860483323766,3.4796527306574805
2009,0.0,984.8008768724882,3.4796527306574805
2010,0.0,984.5155453485743,3.4796527306574805
2011,0.0,984.2719696574283,3.4796527306574805
2012,0.0,984.1988969500844,3.4796527306574805
2013,0.0,984.0979870208953,3.4796527306574805
2014,0.0,984.3728795866173,3.4796527306574805
2015,0.0,984.5329436122275,3.4796527306574805
2016,0.0,984.4146354193851,3.4796527306574805
2017,0.0,984.3520016702332,3.4796527306574805
2018,0.0,984.1988969500844,3.4796527306574805
2019,0.0,984.1362632009325,3.4796527306574805
2020,0.0,983.9553212589384,3.4796527306574805
2021,0.0,983.9831584807836,3.4796527306574805
2022,0.0,984.2267341719298,3.4796527306574805
2023,0.0,984.2719696574283,3.4796527306574805
2024,0.0,984.3763592393478,3.4796527306574805
2025,0.0,984.5225046540356,3.4796527306574805
2026,0.0,984.5573011813422,3.4796527306574805
2027,0.0,984.4320336830384,3.4796527306574805
2028,0.0,984.4494319466918,3.4796527306574805
2029,0.0,984.5259843067662,3.4796527306574805
2030,0.0,984.6686500687233,3.4796527306574805
2031,0.0,984.7556413869896,3.4796527306574805
2032,0.0,984.6442924996085,3.4796527306574805
2033,0.0,984.5225046540356,3.4796527306574805
2034,0.0,984.3867981975397,3.4796527306574805
2035,0.0,984.5399029176889,3.4796527306574805
2036,0.0,984.5746994449954,3.4796527306574805
2037,0.0,984.5746994449954,3.4796527306574805
2038,0.0,984.2684900046977,3.4796527306574805
2039,0.0,984.2824086156202,3.4796527306574805
2040,0.0,984.498147084921,3.4796527306574805
2041,0.0,984.6756093741844,3.4796527306574805
2042,0.0,984.6234145832246,3.4796527306574805
2043,0.0,984.8774292325626,3.4796527306574805
2044,0.0,984.7173652069523,3.4796527306574805
2045,0.0,984.9679002035597,3.4796527306574805
2046,0.0,984.8704699271015,3.4796527306574805
2047,0.0,984.9017868016772,3.4796527306574805
2048,0.0,985.0548915218261,3.4796527306574805
2049,0.0,984.974859509021,3.4796527306574805
2050,0.0,985.0548915218261,3.4796527306574805
2051,0.0,984.9017868016772,3.4796527306574805
2052,0.0,984.7034465960298,3.4796527306574805
2053,0.0,984.7138855542217,3.4796527306574805
2054,0.0,984.4041964611932,3.4796527306574805
2055,0.0,984.4563912521531,3.4796527306574805
2056,0.0,984.3902778502705,3.4796527306574805
2057,0.0,984.2998068792734,3.4796527306574805
2058,0.0,984.3276441011186,3.4796527306574805
2059,0.0,984.3728795866173,3.4796527306574805
2060,0.0,984.4807488212678,3.4796527306574805
2061,0.0,984.5329436122275,3.4796527306574805
2062,0.0,984.4877081267291,3.4796527306574805
2063,0.0,984.5503418758808,3.4796527306574805
2064,0.0,984.6582111105312,3.4796527306574805
2065,0.0,984.6964872905685,3.4796527306574805
2066,0.0,984.7939175670268,3.4796527306574805
2067,0.0,985.1349235346313,3.4796527306574805
2068,0.0,984.974859509021,3.4796527306574805
2069,0.0,985.0305339527115,3.4796527306574805
2070,0.0,985.0931677018634,3.4796527306574805
2071,0.0,985.1871183255911,3.4796527306574805
2072,0.0,984.9226647180612,3.4796527306574805
2073,0.0,984.8809088852934,3.4796527306574805
2074,0.0,985.0479322163648,3.4796527306574805
2075,0.0,985.0896880491329,3.4796527306574805
2076,0.0,985.1627607564765,3.4796527306574805
2077,0.0,985.0166153417889,3.4796527306574805
2078,0.0,984.9505019399064,3.4796527306574805
2079,0.0,985.0479322163648,3.4796527306574805
2080,0.0,984.8495920107174,3.4796527306574805
2081,0.0,984.8182751361414,3.4796527306574805
2082,0.0,984.6825686796458,3.4796527306574805
2083,0.0,984.7278041651443,3.4796527306574805
2084,0.0,984.5085860431129,3.4796527306574805
2085,0.0,984.4389929884998,3.4796527306574805
2086,0.0,984.5016267376516,3.4796527306574805
2087,0.0,984.6094959723019,3.4796527306574805
2088,0.0,984.59905701411,3.4796527306574805
2089,0.0,984.9609408980983,3.4796527306574805
2090,0.0,985.0340136054422,3.4796527306574805
2091,0.0,985.0931677018634,3.4796527306574805
2092,0.0,984.905266454408,3.4796527306574805
2093,0.0,985.1627607564765,3.4796527306574805
2094,0.0,985.2393131165509,3.4796527306574805
2095,0.0,985.0479322163648,3.4796527306574805
2096,0.0,984.6825686796458,3.4796527306574805
2097,0.0,984.8704699271015,3.4796527306574805
2098,0.0,984.7834786088349,3.4796527306574805
2099,0.0,984.7626006924509,3.4796527306574805
2100,0.0,984.9713798562902,3.4796527306574805
2101,0.0,984.9852984672129,3.4796527306574805
2102,0.0,984.9435426344451,3.4796527306574805
2103,0.0,984.7591210397203,3.4796527306574805
2104,0.0,984.8113158306801,3.4796527306574805
2105,0.0,984.7278041651443,3.4796527306574805
2106,0.0,984.4320336830384,3.4796527306574805
2107,0.0,984.4041964611932,3.4796527306574805
2108,0.0,984.5816587504568,3.4796527306574805
2109,0.0,984.4772691685371,3.4796527306574805
2110,0.0,984.2302138246604,3.4796527306574805
2111,0.0,984.1780190337004,3.4796527306574805
2112,0.0,984.1432225063938,3.4796527306574805
2113,0.0,984.4494319466918,3.4796527306574805
2114,0.0,984.3589609756946,3.4796527306574805
2115,0.0,984.6060163195714,3.4796527306574805
2116,0.0,984.3032865320042,3.4796527306574805
2117,0.0,984.0840684099726,3.4796527306574805
2118,0.0,984.080588757242,3.4796527306574805
2119,0.0,984.2580510465056,3.4796527306574805
2120,0.0,984.4041964611932,3.4796527306574805
2121,0.0,984.3380830593107,3.4796527306574805
2122,0.0,984.2789289628896,3.4796527306574805
2123,0.0,983.7152252205229,3.4796527306574805
2124,0.0,983.5203646676063,3.4796527306574805
